Zaman(s);Hata_e(t);Cikis_u(t);Hiz(m/s)
0.0000;0.0000;0.0000;0.0000
0.0200;0.0000;0.0001;0.8237
0.0400;0.0005;0.0016;1.5698
0.0600;0.0009;0.0018;2.2465
0.0800;0.0008;0.0005;2.8609
0.1000;0.0008;0.0008;3.4198
0.1200;0.0014;0.0028;3.9290
0.1400;0.0014;0.0013;4.3938
0.1600;0.0048;0.0117;3.5916
0.1800;0.0072;0.0119;3.0581
0.2000;0.0096;0.0145;3.1783
0.2200;0.0096;0.0096;3.3978
0.2400;0.0099;0.0106;3.6171
0.2600;0.0105;0.0116;3.8189
0.2800;0.0090;0.0060;4.0013
0.3000;0.0081;0.0065;4.1657
0.3200;0.0068;0.0042;4.3137
0.3400;0.0058;0.0039;4.4469
0.3600;0.0027;-0.0036;4.5668
0.3800;0.0035;0.0055;4.6692
0.4000;0.0070;0.0141;4.7644
0.4200;0.0097;0.0154;4.8518
0.4400;0.0119;0.0164;4.9305
0.4600;0.0149;0.0213;5.0014
0.4800;0.0169;0.0210;5.0651
0.5000;0.0191;0.0239;5.1225
0.5200;0.0186;0.0178;5.1742
0.5400;0.0215;0.0275;5.2207
0.5600;0.0235;0.0280;5.2625
0.5800;0.0257;0.0305;5.3002
0.6000;0.0255;0.0252;5.3341
0.6200;0.0251;0.0246;5.3647
0.6400;0.0279;0.0341;5.3921
0.6600;0.0304;0.0360;5.4169
0.6800;0.0322;0.0364;5.4391
0.7000;0.0345;0.0398;5.4592
0.7200;0.0363;0.0406;5.4772
0.7400;0.0362;0.0367;5.4935
0.7600;0.0363;0.0372;5.5081
0.7800;0.0357;0.0351;5.5212
0.8000;0.0367;0.0396;5.5331
0.8200;0.0383;0.0427;5.5437
0.8400;0.0382;0.0389;5.5533
0.8600;0.0382;0.0394;5.5620
0.8800;0.0354;0.0309;5.5698
0.9000;0.0308;0.0227;5.5768
0.9200;0.0266;0.0195;5.5831
0.9400;0.0295;0.0369;5.5887
0.9600;0.0314;0.0368;5.5938
0.9800;0.0305;0.0301;5.5984
1.0000;0.0326;0.0383;5.6026
1.0200;0.0342;0.0391;5.6063
1.0400;0.0358;0.0407;5.6096
1.0600;0.0376;0.0431;5.6127
1.0800;0.0394;0.0448;5.6132
1.1000;0.0366;0.0329;5.6136
1.1200;0.0344;0.0317;5.6159
1.1400;0.0339;0.0351;5.6527
1.1600;0.0273;0.0159;5.6503
1.1800;0.0280;0.0316;5.6511
1.2000;0.0285;0.0318;5.6518
1.2200;0.0259;0.0230;5.6524
1.2400;0.0237;0.0216;5.6530
1.2600;0.0214;0.0192;5.6535
1.2800;0.0192;0.0175;5.6539
1.3000;0.0169;0.0149;5.6543
1.3200;0.0147;0.0127;5.6547
1.3400;0.0076;-0.0041;5.6550
1.3600;0.0103;0.0187;5.6553
1.3800;0.0059;-0.0003;5.6556
1.4000;0.0099;0.0208;5.6559
1.4200;0.0032;-0.0075;5.6561
1.4400;0.0061;0.0149;5.6403
1.4600;0.0050;0.0055;5.6250
1.4800;-0.0072;-0.0291;5.6348
1.5000;-0.0054;0.0012;5.6379
1.5200;-0.0242;-0.0596;5.6384
1.5400;-0.0384;-0.0642;5.6384
1.5600;-0.0535;-0.0809;5.6383
1.5800;-0.0689;-0.0972;5.6382
1.6000;-0.0827;-0.1076;5.6380
1.6200;-0.0960;-0.1199;5.6379
1.6400;-0.1070;-0.1266;5.6379
1.6600;-0.1156;-0.1302;5.6378
1.6800;-0.1220;-0.1324;5.6377
1.7000;-0.1256;-0.1306;5.6376
1.7200;-0.1270;-0.1276;5.6376
1.7400;-0.1271;-0.1254;5.6375
1.7600;-0.1251;-0.1191;5.6374
1.7800;-0.1194;-0.1063;5.6374
1.8000;-0.1149;-0.1047;5.6613
1.8200;-0.1114;-0.1032;5.7590
1.8400;-0.1082;-0.1010;5.7215
1.8600;-0.1052;-0.0988;5.7131
1.8800;-0.0981;-0.0833;5.7106
1.9000;-0.0981;-0.0982;5.7095
1.9200;-0.0988;-0.1005;5.7086
1.9400;-0.1012;-0.1066;5.7077
1.9600;-0.1053;-0.1144;5.7069
1.9800;-0.1105;-0.1218;5.7063
2.0000;-0.1163;-0.1292;5.7056
2.0200;-0.1222;-0.1351;5.7050
2.0400;-0.1197;-0.1161;5.7045
2.0600;-0.1249;-0.1371;5.7040
2.0800;-0.1275;-0.1347;5.7036
2.1000;-0.1296;-0.1359;5.7032
2.1200;-0.1299;-0.1330;5.7029
2.1400;-0.1285;-0.1281;5.7025
2.1600;-0.1262;-0.1245;5.7023
2.1800;-0.1228;-0.1191;5.7020
2.2000;-0.1189;-0.1142;5.7018
2.2200;-0.1036;-0.0762;5.7016
2.2400;-0.1007;-0.0988;5.7014
2.2600;-0.0970;-0.0938;5.7012
2.2800;-0.0934;-0.0905;5.7011
2.3000;-0.0895;-0.0861;5.7010
2.3200;-0.0864;-0.0851;5.7009
2.3400;-0.0832;-0.0817;5.7008
2.3600;-0.0802;-0.0794;5.7007
2.3800;-0.0768;-0.0753;5.7006
2.4000;-0.0622;-0.0380;5.7005
2.4200;-0.0612;-0.0651;5.7005
2.4400;-0.0586;-0.0595;5.7004
2.4600;-0.0559;-0.0565;5.7004
2.4800;-0.0528;-0.0527;5.7003
2.5000;-0.0379;-0.0142;5.7001
2.5200;-0.0219;0.0041;5.7001
2.5400;-0.0047;0.0236;5.7001
2.5600;0.0050;0.0177;5.7002
2.5800;0.0314;0.0780;5.7000
2.6000;0.0393;0.0484;5.7001
2.6200;0.0525;0.0721;5.7000
2.6400;0.0639;0.0799;5.7000
2.6600;0.0733;0.0853;5.7001
2.6800;0.0808;0.0890;5.7001
2.7000;0.0845;0.0853;5.7000
2.7200;0.0868;0.0847;5.7001
2.7400;0.0877;0.0830;5.7000
2.7600;0.0926;0.0961;5.9836
2.7800;0.0893;0.0762;6.2486
2.8000;0.0873;0.0771;6.5178
2.8200;0.0839;0.0710;6.7595
2.8400;0.0820;0.0724;7.0385
2.8600;0.0791;0.0678;7.4844
2.8800;0.0765;0.0659;7.8852
2.9000;0.0770;0.0730;8.6051
2.9200;0.0797;0.0802;9.5270
2.9400;0.0841;0.0881;10.3554
2.9600;0.0885;0.0928;11.0999
2.9800;0.0938;0.1000;11.7690
3.0000;0.0957;0.0950;12.3702
3.0200;0.0971;0.0956;12.9105
3.0400;0.0952;0.0873;13.3961
3.0600;0.0904;0.0767;14.0600
3.0800;0.0875;0.0780;14.5516
3.1000;0.0831;0.0707;14.8073
3.1200;0.0793;0.0682;15.0975
3.1400;0.0719;0.0538;15.3698
3.1600;0.0684;0.0585;15.6164
3.1800;0.0612;0.0438;15.8378
3.2000;0.0502;0.0252;16.0373
3.2200;0.0472;0.0387;16.2159
3.2400;0.0441;0.0356;16.3754
3.2600;0.0341;0.0118;16.5197
3.2800;0.0326;0.0274;16.6486
3.3000;0.0300;0.0230;16.7648
3.3200;0.0178;-0.0088;16.8673
3.3400;0.0170;0.0137;16.9606
3.3600;0.0148;0.0088;17.0442
3.3800;0.0006;-0.0298;17.1190
3.4000;0.0060;0.0154;17.1858
3.4200;0.0059;0.0044;17.2463
3.4400;-0.0137;-0.0550;17.2995
3.4600;-0.0130;-0.0130;17.3479
3.4800;-0.0148;-0.0198;17.3914
3.5000;-0.0405;-0.0940;17.4304
3.5200;-0.0384;-0.0356;17.4654
3.5400;-0.0345;-0.0279;17.4967
3.5600;-0.0645;-0.1269;17.5249
3.5800;-0.0619;-0.0579;17.6397
3.6000;-0.1102;-0.2100;17.8833
3.6200;-0.1081;-0.1052;18.1051
3.6400;-0.1035;-0.0958;17.9894
3.6600;-0.1571;-0.2677;17.8999
3.6800;-0.1475;-0.1297;17.8797
3.7000;-0.1465;-0.1466;17.8743
3.7200;-0.2174;-0.3640;17.8702
3.7400;-0.2045;-0.1805;17.8689
3.7600;-0.2024;-0.2008;17.8659
3.7800;-0.2881;-0.4655;17.8661
3.8000;-0.2710;-0.2393;17.8647
3.8200;-0.2673;-0.2634;17.8638
3.8400;-0.3720;-0.5890;17.8628
3.8600;-0.3502;-0.3101;17.8630
3.8800;-0.4750;-0.7337;17.8610
3.9000;-0.4465;-0.3937;17.8573
3.9200;-0.4388;-0.4292;17.8588
3.9400;-0.5814;-0.8784;17.8579
3.9600;-0.5466;-0.4831;17.8571
3.9800;-0.5357;-0.5220;17.8546
4.0000;-0.7074;-1.0661;17.8550
4.0200;-0.6661;-0.5918;17.8539
4.0400;-0.6530;-0.6377;17.8544
4.0600;-0.8512;-1.2668;17.8544
4.0800;-0.8022;-0.7153;17.8530
4.1000;-0.7895;-0.7786;17.8539
4.1200;-1.0285;-1.5307;17.9357
4.1400;-1.0072;-0.9805;18.1537
4.1600;-1.2813;-1.8571;18.3099
4.1800;-1.1782;-0.9881;18.1386
4.2000;-1.1484;-1.1103;18.0923
4.2200;-1.4159;-1.9844;18.0712
4.2400;-1.3376;-1.2043;18.0561
4.2600;-1.3053;-1.2685;18.0426
4.2800;-1.5958;-2.2180;18.0302
4.3000;-1.5093;-1.3662;18.0195
4.3200;-1.4731;-1.4361;18.0095
4.3400;-1.7833;-2.4534;18.0010
4.3600;-1.6895;-1.5396;17.9933
4.3800;-2.0124;-2.7135;17.9864
4.4000;-1.9090;-1.7451;17.9803
4.4200;-1.8621;-1.8177;17.9749
4.4400;-2.1884;-2.9066;17.9697
4.4600;-2.0787;-1.9126;17.9656
4.4800;-2.0272;-1.9845;17.9612
4.5000;-2.3580;-3.0964;17.9578
4.5200;-2.2421;-2.0751;17.9542
4.5400;-2.1862;-2.1465;17.9513
4.5600;-2.5167;-3.2668;17.9487
4.5800;-2.3959;-2.2315;17.9465
4.6000;-2.3359;-2.3007;17.9443
4.6200;-2.6605;-3.4120;17.9424
4.6400;-2.5359;-2.3773;17.9407
4.6600;-2.8120;-3.4739;17.7999
4.6800;-2.6782;-2.5103;17.7639
4.7000;-2.6120;-2.5880;17.7762
4.7200;-2.9074;-3.6241;17.7875
4.7400;-2.7784;-2.6361;17.7975
4.7600;-2.7069;-2.6880;17.8063
4.7800;-2.9833;-3.6773;17.8142
4.8000;-2.8529;-2.7240;17.8214
4.8200;-2.7776;-2.7676;17.8276
4.8400;-3.0321;-3.6982;17.8352
4.8600;-2.9029;-2.7935;17.8420
4.8800;-2.8252;-2.8272;17.8441
4.9000;-3.0561;-3.6913;17.8480
4.9200;-2.9271;-2.8355;17.8514
4.9400;-3.1346;-3.7335;17.8543
4.9600;-3.0032;-2.9181;17.8571
4.9800;-2.9197;-2.9390;17.8612
5.0000;-3.0995;-3.6604;17.8631
5.0200;-2.9715;-2.9116;17.8631
5.0400;-2.8875;-2.9240;17.8646
5.0600;-3.0481;-3.5880;17.8661
5.0800;-2.9240;-2.8904;17.8692
5.1000;-2.8374;-2.8866;17.8678
5.1200;-2.9828;-3.5100;17.8729
5.1400;-2.8611;-2.8502;17.8736
5.1600;-2.9654;-3.4205;17.6993
5.1800;-2.8539;-2.8757;17.7561
5.2000;-2.7347;-2.7473;17.5476
5.2200;-2.8717;-3.4112;17.5737
5.2400;-2.7540;-2.7809;17.5971
5.2600;-2.6726;-2.7795;17.6179
5.2800;-2.8074;-3.3598;17.6367
5.3000;-2.6905;-2.7358;17.6535
5.3200;-2.6070;-2.7267;17.6670
5.3400;-2.7560;-3.3539;17.6806
5.3600;-2.6372;-2.6952;17.6928
5.3800;-2.5568;-2.6991;17.7021
5.4000;-2.7339;-3.4051;17.7119
5.4200;-2.6123;-2.6806;17.7222
5.4400;-2.8307;-3.5962;17.7298
5.4600;-2.6983;-2.7548;17.7368
5.4800;-2.6151;-2.7779;17.7437
5.5000;-2.8882;-3.7812;17.7489
5.5200;-2.7465;-2.8000;17.7538
5.5400;-2.6617;-2.8375;17.7582
5.5600;-3.0152;-4.0878;17.7622
5.5800;-2.8590;-2.8989;17.7656
5.6000;-2.7717;-2.9586;17.7682
5.6200;-3.1516;-4.2943;17.5876
5.6400;-2.8753;-2.6877;17.4632
5.6600;-2.7687;-2.9338;17.4587
5.6800;-3.2578;-4.6398;17.3313
5.7000;-3.0774;-3.1017;17.3354
5.7200;-2.9783;-3.1754;17.3199
5.7400;-3.7211;-5.6355;17.3725
5.7600;-3.5086;-3.4836;17.4072
5.7800;-4.4235;-6.6979;17.4285
5.8000;-4.1685;-4.0671;17.4498
5.8200;-4.0622;-4.2736;17.4707
5.8400;-5.2058;-7.9656;17.4900
5.8600;-4.7636;-4.3026;17.3760
5.8800;-4.6845;-4.9743;17.4158
5.9000;-6.0392;-9.2526;17.4302
5.9200;-5.4883;-4.8305;17.2867
5.9400;-5.2804;-5.3352;17.2175
5.9600;-6.7821;-10.3230;17.1697
5.9800;-6.2695;-5.7188;17.1034
6.0000;-6.0418;-6.0869;17.0520
6.0200;-7.7521;-11.7489;17.0104
6.0400;-7.1789;-6.5374;16.9444
6.0600;-6.9285;-6.9620;16.8937
6.0800;-8.8150;-13.2065;16.8530
6.1000;-8.1703;-7.4208;16.7850
6.1200;-7.8909;-7.9053;16.7335
6.1400;-9.9167;-14.6332;16.6927
6.1600;-9.2153;-8.3940;16.6222
6.1800;-11.2941;-16.1459;16.5691
6.2000;-10.5098;-9.5501;16.4880
6.2200;-10.1397;-10.0485;16.4264
6.2400;-12.2298;-17.1614;16.3786
6.2600;-11.4205;-10.4680;16.3006
6.2800;-11.0272;-10.9495;16.2424
6.3000;-13.1205;-18.1206;16.1981
6.3200;-12.2873;-11.3503;16.1231
6.3400;-11.8818;-11.8453;16.0679
6.3600;-13.9312;-18.9099;16.0266
6.3800;-13.0816;-12.1809;15.9552
6.4000;-12.6606;-12.6640;15.9033
6.4200;-14.6267;-19.5094;15.8654
6.4400;-13.7775;-12.9528;15.7984
6.4600;-15.5972;-20.2300;15.7505
6.4800;-14.7222;-13.8962;15.6787
6.5000;-14.2538;-14.2905;15.6268
6.5200;-15.9199;-20.3260;15.5896
6.5400;-15.0843;-14.4257;15.5283
6.5600;-16.5885;-20.7211;15.4854
6.5800;-15.7495;-15.1417;15.4233
6.6000;-15.2637;-15.4118;15.3798
6.6200;-16.5950;-20.4702;15.3502
6.6400;-15.8027;-15.3849;15.3013
6.6600;-16.9715;-20.5768;15.2692
6.6800;-16.1829;-15.8353;15.2221
6.7000;-15.6934;-15.9923;15.1915
6.7200;-16.7010;-20.0774;15.1735
6.7400;-15.9634;-15.8188;15.1404
6.7600;-16.8342;-19.9958;15.1219
6.7800;-16.1046;-16.0408;15.0917
6.8000;-16.8190;-19.7273;15.0758
6.8200;-16.1035;-16.1342;15.0505
6.8400;-15.6104;-16.1312;15.0386
6.8600;-16.1814;-18.8995;15.0372
6.8800;-15.5123;-15.7381;15.0265
6.9000;-15.9632;-18.5013;15.0271
6.9200;-15.3098;-15.6325;15.0211
6.9400;-14.8265;-15.5305;15.0257
6.9600;-15.1148;-17.4204;14.9821
6.9800;-14.3122;-14.4290;14.7763
7.0000;-13.7627;-14.4288;14.7006
7.0200;-13.9283;-16.0791;14.7123
7.0400;-13.4325;-14.2661;14.8949
7.0600;-12.9178;-13.7439;14.9470
7.0800;-12.8752;-14.6905;14.9674
7.1000;-12.1282;-12.5381;14.9850
7.1200;-11.4154;-11.9251;15.0276
7.1400;-11.0372;-12.2554;15.0876
7.1600;-10.0962;-10.1959;15.1397
7.1800;-9.2962;-9.7100;15.3473
7.2000;-8.8627;-10.0463;15.6559
7.2200;-7.8560;-7.8962;15.3040
7.2400;-7.1857;-7.9331;15.6402
7.2600;-6.7316;-7.9380;15.9543
7.2800;-6.0695;-6.8704;16.2472
7.3000;-5.6300;-6.9008;16.5244
7.3200;-5.0432;-6.0293;16.7841
7.3400;-4.5213;-5.6541;17.0305
7.3600;-4.3472;-6.1999;16.2336
7.3800;-4.0901;-5.7842;16.1599
7.4000;-3.8679;-5.6434;16.2756
7.4200;-3.7186;-5.6514;16.4202
7.4400;-3.4893;-5.2685;16.5513
7.4600;-3.2806;-5.1103;16.6532
7.4800;-3.1092;-5.0229;16.7643
7.5000;-2.8959;-4.7320;16.8596
7.5200;-2.6995;-4.5778;16.9225
7.5400;-2.5212;-4.4429;17.0047
7.5600;-2.3277;-4.2251;17.0660
7.5800;-2.1438;-4.0668;17.1234
7.6000;-1.9582;-3.8836;17.1753
7.6200;-1.7796;-3.7245;17.2221
7.6400;-1.6097;-3.5774;17.2730
7.6600;-1.4282;-3.3769;17.3131
7.6800;-1.2635;-3.2507;17.3570
7.7000;-1.1028;-3.1018;17.3796
7.7200;-0.9229;-2.8866;17.4143
7.7400;-0.7733;-2.8017;17.4391
7.7600;-0.6306;-2.6758;17.4602
7.7800;-0.4587;-2.4467;17.4790
7.8000;-0.3221;-2.3845;17.4958
7.8200;-0.1592;-2.1697;17.5109
7.8400;-0.0305;-2.1124;17.5245
7.8600;0.0982;-1.9844;17.5325
7.8800;0.2477;-1.7937;17.5472
7.9000;0.3609;-1.7550;17.5536
7.9200;0.4742;-1.6414;17.5663
7.9400;0.6100;-1.4603;17.5749
7.9600;0.7178;-1.4089;17.5821
7.9800;0.8263;-1.2986;17.5885
8.0000;0.9454;-1.1571;17.5942
8.0200;1.0447;-1.0970;17.5994
8.0400;1.1430;-0.9996;17.6041
8.0600;1.2454;-0.8873;17.6166
8.0800;1.3314;-0.8328;17.5927
8.1000;1.4225;-0.7295;17.5936
8.1200;1.5077;-0.6541;17.5979
8.1400;1.5922;-0.5687;17.6025
8.1600;1.6597;-0.5334;17.6068
8.1800;1.7370;-0.4332;17.6107
8.2000;1.8108;-0.3637;17.6141
8.2200;1.8661;-0.3432;17.6173
8.2400;1.9381;-0.2336;17.6201
8.2600;2.0104;-0.1577;17.6227
8.2800;2.0436;-0.2004;17.6250
8.3000;2.1123;-0.0555;17.6270
8.3200;2.1763;0.0022;17.6289
8.3400;2.1972;-0.0603;17.6306
8.3600;2.2612;0.0953;17.6321
8.3800;2.3207;0.1498;17.6334
8.4000;2.3220;0.0370;17.6346
8.4200;2.3895;0.2435;17.6357
8.4400;2.4474;0.2861;17.6368
8.4600;2.4322;0.1270;17.6376
8.4800;2.4935;0.3486;17.6384
8.5000;2.4730;0.1664;17.6392
8.5200;2.5314;0.3903;17.6398
8.5400;2.5801;0.4239;17.6404
8.5600;2.5432;0.2177;17.6409
8.5800;2.6051;0.4859;17.6414
8.6000;2.6495;0.4993;17.6418
8.6200;2.6033;0.2740;17.6422
8.6400;2.6585;0.5408;17.6425
8.6600;2.7015;0.5640;17.6428
8.6800;2.6412;0.2986;17.6432
8.7000;2.6963;0.5943;17.6433
8.7200;2.7419;0.6254;17.6436
8.7400;2.6646;0.3035;17.6438
8.7600;2.7249;0.6492;17.6440
8.7800;2.7684;0.6637;17.6441
8.8000;2.6798;0.3119;17.6443
8.8200;2.7416;0.6853;17.6444
8.8400;2.6551;0.3024;17.6445
8.8600;2.7137;0.6618;17.6447
8.8800;2.7515;0.6624;17.6447
8.9000;2.6526;0.2911;17.6448
8.9200;2.7079;0.6656;17.6449
8.9400;2.7445;0.6692;17.6450
8.9600;2.6415;0.2876;17.6450
8.9800;2.6982;0.6750;17.6451
9.0000;2.7386;0.6875;17.6451
9.0200;2.6280;0.2750;17.6452
9.0400;2.6898;0.6933;17.6452
9.0600;2.7263;0.6831;17.6453
9.0800;2.6085;0.2571;17.6453
9.1000;2.6668;0.6794;17.6453
9.1200;2.7038;0.6780;17.6454
9.1400;2.5750;0.2171;17.6454
9.1600;2.6351;0.6677;17.6454
9.1800;2.5121;0.1771;17.6454
9.2000;2.5754;0.6250;17.6455
9.2200;2.6103;0.6068;17.6454
9.2400;2.4796;0.1446;17.6455
9.2600;2.5442;0.6122;17.6455
9.2800;2.5848;0.6085;17.6455
9.3000;2.4540;0.1343;17.6455
9.3200;2.5135;0.5862;17.6455
9.3400;2.5496;0.5796;17.6456
9.3600;2.4143;0.1006;17.6455
9.3800;2.4793;0.5786;17.6455
9.4000;2.5152;0.5598;17.6455
9.4200;2.3777;0.0747;17.6455
9.4400;2.4446;0.5630;17.6457
9.4600;2.3091;0.0204;17.6456
9.4800;2.3715;0.4907;17.6455
9.5000;2.4094;0.4830;17.6456
9.5200;2.2748;0.0023;17.6456
9.5400;2.3376;0.4720;17.6456
9.5600;2.3748;0.4613;17.6456
9.5800;2.2337;-0.0377;17.6456
9.6000;2.2980;0.4498;17.6456
9.6200;2.3370;0.4411;17.6456
9.6400;2.1993;-0.0510;17.6456
9.6600;2.2627;0.4263;17.6456
9.6800;2.3011;0.4181;17.6456
9.7000;2.1609;-0.0808;17.6456
9.7200;2.2264;0.4082;17.6456
9.7400;2.2706;0.4132;17.6456
9.7600;2.1295;-0.1005;17.6456
9.7800;2.1944;0.3885;17.6456
9.8000;2.0555;-0.1606;17.6456
9.8200;2.1206;0.3241;17.6456
9.8400;2.1601;0.3154;17.6456
9.8600;2.0268;-0.1650;17.6456
9.8800;2.0927;0.3107;17.6456
9.9000;2.1337;0.3048;17.6456
9.9200;1.9995;-0.1814;17.6456
9.9400;2.0659;0.2976;17.6456
9.9600;2.1072;0.2915;17.6456
9.9800;1.9693;-0.2066;17.6456
10.0000;2.0398;0.2923;17.6456
10.0200;2.0809;0.2774;17.6456
10.0400;1.9458;-0.2121;17.6456
10.0600;2.0173;0.2842;17.6456
10.0800;2.0586;0.2676;17.6456
10.1000;1.9189;-0.2363;17.6456
10.1200;1.9859;0.2559;17.6456
10.1400;1.8528;-0.2805;17.6456
10.1600;1.9247;0.2130;17.6456
10.1800;1.9695;0.2059;17.6456
10.2000;1.8433;-0.2644;17.6456
10.2200;1.9088;0.1955;17.6456
10.2400;1.9557;0.2078;17.6456
10.2600;1.8258;-0.2777;17.6456
10.2800;1.8974;0.2080;17.6456
10.3000;1.9434;0.2053;17.6457
10.3200;1.8133;-0.2793;17.6456
10.3400;1.8806;0.1938;17.6456
10.3600;1.9273;0.2020;17.6456
10.3800;1.8000;-0.2754;17.6456
10.4000;1.8669;0.1907;17.6456
10.4200;1.9137;0.1999;17.6456
10.4400;1.7832;-0.2876;17.6456
10.4600;1.8538;0.1963;17.6456
10.4800;1.7327;-0.3112;17.6456
10.5000;1.8020;0.1495;17.6456
10.5200;1.8471;0.1485;17.6456
10.5400;1.7257;-0.3079;17.6456
10.5600;1.7949;0.1529;17.6456
10.5800;1.8367;0.1422;17.6456
10.6000;1.7144;-0.3103;17.6456
10.6200;1.7847;0.1560;17.6456
10.6400;1.8307;0.1552;17.6456
10.6600;1.7074;-0.3085;17.6456
10.6800;1.7723;0.1431;17.6456
10.7000;1.8134;0.1390;17.6456
10.7200;1.6908;-0.3132;17.6456
10.7400;1.7556;0.1372;17.6457
10.7600;1.6430;-0.3332;17.6457
10.7800;1.7109;0.1058;17.6456
10.8000;1.7515;0.0937;17.6456
10.8200;1.6415;-0.3193;17.6456
10.8400;1.7044;0.0995;17.6456
10.8600;1.7467;0.1024;17.6456
10.8800;1.6357;-0.3167;17.6456
10.9000;1.7028;0.1166;17.6456
10.9200;1.7443;0.1086;17.6456
10.9400;1.6292;-0.3214;17.6456
10.9600;1.6978;0.1249;17.6456
10.9800;1.7377;0.1089;17.6456
11.0000;1.6205;-0.3241;17.6456
11.0200;1.6894;0.1269;17.6456
11.0400;1.7333;0.1231;17.6456
11.0600;1.6195;-0.3081;17.6456
11.0800;1.6833;0.1206;17.6456
11.1000;1.5726;-0.3416;17.6457
11.1200;1.6391;0.0888;17.6456
11.1400;1.6830;0.0896;17.6456
11.1600;1.5725;-0.3317;17.6456
11.1800;1.6386;0.0975;17.6456
11.2000;1.6779;0.0849;17.6456
11.2200;1.5610;-0.3463;17.6456
11.2400;1.6236;0.0851;17.6456
11.2600;1.6634;0.0814;17.6456
11.2800;1.5437;-0.3597;17.6456
11.3000;1.6068;0.0791;17.6457
11.3200;1.6510;0.0877;17.6456
11.3400;1.5274;-0.3741;17.6456
11.3600;1.5954;0.0874;17.6456
11.3800;1.6390;0.0841;17.6456
11.4000;1.5115;-0.3882;17.6456
11.4200;1.5802;0.0830;17.6456
11.4400;1.4582;-0.4237;17.6456
11.4600;1.5275;0.0384;17.6456
11.4800;1.5669;0.0194;17.6456
11.5000;1.4449;-0.4280;17.6456
11.5200;1.5143;0.0345;17.6456
11.5400;1.5593;0.0322;17.6456
11.5600;1.4265;-0.4591;17.6456
11.5800;1.4975;0.0301;17.6456
11.6000;1.5413;0.0209;17.6456
11.6200;1.4074;-0.4713;17.6456
11.6400;1.4776;0.0176;17.6456
11.6600;1.5230;0.0148;17.6456
11.6800;1.3819;-0.5023;17.6456
11.7000;1.4547;0.0087;17.6456
11.7200;1.4946;-0.0156;17.6457
11.7400;1.3446;-0.5489;17.6456
11.7600;1.4181;-0.0174;17.6456
11.7800;1.2693;-0.6157;17.6456
11.8000;1.3406;-0.0933;17.6456
11.8200;1.3837;-0.1055;17.6456
11.8400;1.2382;-0.6319;17.6456
11.8600;1.3098;-0.1155;17.6456
11.8800;1.3524;-0.1298;17.6456
11.9000;1.1984;-0.6806;17.6456
11.9200;1.2720;-0.1413;17.6456
11.9400;1.3163;-0.1542;17.6456
11.9600;1.1588;-0.7196;17.6456
11.9800;1.2326;-0.1724;17.6456
12.0000;1.2779;-0.1831;17.6456
12.0200;1.1168;-0.7614;17.6456
12.0400;1.1975;-0.1859;17.6456
12.0600;1.2427;-0.2109;17.6456
12.0800;1.0844;-0.7807;17.6456
12.1000;1.1612;-0.2228;17.6456
12.1200;1.0077;-0.8423;17.6456
12.1400;1.0896;-0.2792;17.6456
12.1600;1.1365;-0.3015;17.6456
12.1800;0.9869;-0.8488;17.6456
12.2000;1.0687;-0.2936;17.6456
12.2200;1.1161;-0.3145;17.6456
12.2400;0.9685;-0.8563;17.6456
12.2600;1.0492;-0.3088;17.6456
12.2800;1.1015;-0.3129;17.6456
12.3000;0.9539;-0.8645;17.6456
12.3200;1.0317;-0.3259;17.6456
12.3400;1.0846;-0.3222;17.6456
12.3600;0.9352;-0.8808;17.6456
12.3800;1.0179;-0.3236;17.6456
12.4000;0.8768;-0.9177;17.6456
12.4200;0.9551;-0.3910;17.6456
12.4400;1.0048;-0.3980;17.6456
12.4600;0.8715;-0.9016;17.6456
12.4800;0.9488;-0.3936;17.6456
12.5000;0.9986;-0.3984;17.6456
12.5200;0.8693;-0.8900;17.6456
12.5400;0.9490;-0.3827;17.6457
12.5600;1.0014;-0.3847;17.6456
12.5800;0.8760;-0.8699;17.6456
12.6000;0.9505;-0.3861;17.6456
12.6200;1.0002;-0.3856;17.6456
12.6400;0.8850;-0.8344;17.6456
12.6600;0.9633;-0.3601;17.6456
12.6800;1.0107;-0.3742;17.6456
12.7000;0.8943;-0.8219;17.6456
12.7200;0.9668;-0.3628;17.6457
12.7400;0.8645;-0.8188;17.6456
12.7600;0.9408;-0.3772;17.6456
12.7800;0.9881;-0.3876;17.6456
12.8000;0.8923;-0.7724;17.6456
12.8200;0.9656;-0.3531;17.6456
12.8400;1.0123;-0.3591;17.6456
12.8600;0.9185;-0.7367;17.6456
12.8800;0.9862;-0.3382;17.6456
12.9000;1.0371;-0.3202;17.6456
12.9200;0.9456;-0.6992;17.6456
12.9400;1.0120;-0.3095;17.6456
12.9600;1.0620;-0.2912;17.6456
12.9800;0.9688;-0.6735;17.6456
13.0000;1.0345;-0.2826;17.6456
13.0200;1.0837;-0.2652;17.6456
13.0400;0.9972;-0.6255;17.6456
13.0600;1.0621;-0.2505;17.6456
13.0800;0.9823;-0.6227;17.6456
13.1000;1.0490;-0.2555;17.6456
13.1200;1.0973;-0.2432;17.6380
13.1400;1.0205;-0.5725;17.6386
13.1600;1.0863;-0.2140;17.6429
13.1800;1.1339;-0.2020;17.6431
13.2000;1.0577;-0.5277;17.6433
13.2200;1.1212;-0.1776;17.6434
13.2400;1.1665;-0.1677;17.6435
13.2600;1.0921;-0.4831;17.6436
13.2800;1.1554;-0.1375;17.6438
13.3000;1.2007;-0.1268;17.6438
13.3200;1.1267;-0.4411;17.6364
13.3400;1.1885;-0.1006;17.6370
13.3600;1.2267;-0.1085;17.6414
13.3800;1.1475;-0.4242;17.6502
13.4000;1.2048;-0.0866;17.6487
13.4200;1.1301;-0.4273;17.6481
13.4400;1.1862;-0.1028;17.6477
13.4600;1.2281;-0.0879;17.6474
13.4800;1.1535;-0.3971;17.6472
13.5000;1.2095;-0.0728;17.6469
13.5200;1.2465;-0.0724;17.6467
13.5400;1.1730;-0.3682;17.6465
13.5600;1.2259;-0.0555;17.6463
13.5800;1.2677;-0.0342;17.6499
13.6000;1.1917;-0.3475;17.6466
13.6200;1.2470;-0.0223;17.6625
13.6400;1.2842;-0.0197;17.6527
13.6600;1.2094;-0.3198;17.6522
13.6800;1.2626;-0.0038;17.6517
13.7000;1.2993;0.0017;17.6513
13.7200;1.2274;-0.2886;17.6509
13.7400;1.2838;0.0317;17.6423
13.7600;1.2142;-0.2922;17.6426
13.7800;1.2688;0.0180;17.6429
13.8000;1.3074;0.0262;17.6433
13.8200;1.2381;-0.2600;17.6436
13.8400;1.2880;0.0351;17.6875
13.8600;1.3272;0.0545;17.6786
13.8800;1.2561;-0.2382;17.6826
13.9000;1.3049;0.0574;17.6805
13.9200;1.3429;0.0756;17.6775
13.9400;1.2708;-0.2178;17.6746
13.9600;1.3271;0.1025;17.6278
13.9800;1.3632;0.0995;17.6268
14.0000;1.2885;-0.1978;17.6281
14.0200;1.3402;0.1141;17.6297
14.0400;1.3759;0.1194;17.6313
14.0600;1.2994;-0.1825;17.6327
14.0800;1.3452;0.1151;17.6340
14.1000;1.2726;-0.1960;17.6352
14.1200;1.3230;0.1078;17.6362
14.1400;1.3579;0.1131;17.6372
14.1600;1.2848;-0.1769;17.6380
14.1800;1.3347;0.1260;17.6388
14.2000;1.3690;0.1309;17.6395
14.2200;1.2941;-0.1632;17.6401
14.2400;1.3437;0.1422;17.6406
14.2600;1.3774;0.1462;17.6411
14.2800;1.3009;-0.1518;17.6416
14.3000;1.3502;0.1561;17.6420
14.3200;1.3836;0.1596;17.6423
14.3400;1.3055;-0.1426;17.6427
14.3600;1.3545;0.1680;17.6429
14.3800;1.2737;-0.1740;17.6432
14.4000;1.3174;0.1256;17.6434
14.4200;1.3509;0.1407;17.6437
14.4400;1.2710;-0.1673;17.6439
14.4600;1.3198;0.1463;17.6441
14.4800;1.3523;0.1479;17.6442
14.5000;1.2766;-0.1452;17.6444
14.5200;1.3189;0.1402;17.6445
14.5400;1.3465;0.1400;17.6446
14.5600;1.2661;-0.1572;17.6447
14.5800;1.3134;0.1526;17.6448
14.6000;1.3445;0.1532;17.6449
14.6200;1.2658;-0.1463;17.6450
14.6400;1.3094;0.1491;17.6450
14.6600;1.3366;0.1450;17.6451
14.6800;1.2532;-0.1604;17.6451
14.7000;1.3007;0.1560;17.6452
14.7200;1.2245;-0.1693;17.6452
14.7400;1.2708;0.1291;17.6453
14.7600;1.3016;0.1304;17.6453
14.7800;1.2222;-0.1705;17.6453
14.8000;1.2644;0.1219;17.6454
14.8200;1.2967;0.1364;17.6454
14.8400;1.2218;-0.1542;17.6454
14.8600;1.2686;0.1431;17.6454
14.8800;1.2945;-0.0536;17.6454
14.9000;1.2304;-1.3341;17.6455
14.9200;1.3484;-0.9598;17.6455
14.9400;1.4473;-0.9958;17.6455
14.9600;1.4432;-1.2032;17.6455
14.9800;1.5585;-0.9564;17.6455
15.0000;1.6649;-0.9714;17.6455
15.0200;1.6579;-1.1993;17.6455
15.0400;1.7751;-0.9424;17.6455
15.0600;1.7721;-1.1841;17.6455
15.0800;1.8948;-0.9238;17.6455
15.1000;2.0039;-0.9478;17.6455
15.1200;2.0046;-1.1646;17.6455
15.1400;2.1330;-0.9000;17.6455
15.1600;2.2509;-0.9169;17.6455
15.1800;2.2545;-1.1455;17.6455
15.2000;2.3891;-0.8734;17.6455
15.2200;2.5102;-0.8961;17.6455
15.2400;2.5131;-1.1320;17.6455
15.2600;2.6516;-0.8504;17.6455
15.2800;2.7781;-0.8690;17.6455
15.3000;2.7801;-1.1175;17.6455
15.3200;2.9300;-0.8100;17.6455
15.3400;3.0683;-0.8275;17.6455
15.3600;3.0665;-1.1072;17.6455
15.3800;3.2244;-0.7749;17.6455
15.4000;3.2222;-1.0951;17.6455
15.4200;3.3817;-0.7585;17.6456
15.4400;3.5283;-0.7777;17.6455
15.4600;3.5235;-1.0796;17.6456
15.4800;3.6910;-0.7205;17.6455
15.5000;3.8449;-0.7408;17.6455
15.5200;3.8342;-1.0688;17.6455
15.5400;4.0104;-0.6795;17.6457
15.5600;4.1717;-0.5855;17.6456
15.5800;4.1470;-0.6695;17.6455
15.6000;4.3075;-0.0008;17.6455
15.6200;4.4374;0.2649;17.6456
15.6400;4.3542;-0.1696;17.6455
15.6600;4.4882;0.2733;17.6456
15.6800;4.6076;0.2436;17.6456
15.7000;4.5151;-0.1888;17.6456
15.7200;4.6597;0.2951;17.6456
15.7400;4.5634;-0.1964;17.6456
15.7600;4.7068;0.2925;17.6456
15.7800;4.8263;0.2438;17.6531
15.8000;4.7220;-0.2127;17.6525
15.8200;4.8707;0.3034;17.6501
15.8400;4.9946;0.2526;17.6597
15.8600;4.8722;-0.2497;17.6605
15.8800;5.0277;0.3174;17.6594
15.9000;5.1743;0.2991;17.5745
15.9200;5.0587;-0.2360;17.4957
15.9400;5.2314;0.3523;17.4346
15.9600;5.3796;0.3025;17.3709
15.9800;5.2462;-0.2722;17.3092
16.0000;5.4216;0.3578;17.2788
16.0200;5.5677;0.2982;17.2549
16.0400;5.4181;-0.3052;17.2124
16.0600;5.6046;0.3804;17.1672
16.0800;5.7571;0.3110;17.1140
16.1000;5.5857;-0.3496;17.0728
16.1200;5.7994;0.4361;17.0073
16.1400;5.9632;0.3340;16.9956
16.1600;5.7892;-0.3550;16.9644
16.1800;5.9910;0.4117;16.9411
16.2000;5.8105;-0.3681;16.9129
16.2200;5.9898;0.1106;16.9446
16.2400;6.1392;0.0938;17.0155
16.2600;5.9748;-0.1051;16.9463
16.2800;6.1536;0.1143;16.9041
16.3000;6.3212;0.1072;16.8857
16.3200;6.1246;-0.1346;16.8612
16.3400;6.3042;0.1310;16.8416
16.3600;6.4822;0.1399;16.8208
16.3800;6.2811;-0.1716;16.7894
16.4000;6.4697;0.1779;16.7813
16.4200;6.6477;0.2242;16.7747
16.4400;6.4391;-0.3496;16.7427
16.4600;6.6569;0.4116;16.7316
16.4800;6.8483;0.3827;16.7093
16.5000;6.6206;-0.4554;16.7051
16.5200;6.8528;0.4644;16.6808
16.5400;7.0281;0.3507;16.6691
16.5600;6.7786;-0.4989;16.6559
16.5800;7.0057;0.4542;16.6189
16.6000;7.1769;0.3424;16.6077
16.6200;6.9074;-0.5391;16.5952
16.6400;7.1287;0.4426;16.5884
16.6600;7.3075;0.3575;16.5788
16.6800;7.0058;-0.6033;16.6638
16.7000;7.2457;0.4799;16.6381
16.7200;7.4311;0.3706;16.6213
16.7400;7.1520;-0.5581;16.6047
16.7600;7.3887;0.4734;16.5946
16.7800;7.5734;0.3694;16.5818
16.8000;7.2759;-0.5950;16.5675
16.8200;7.5094;0.4670;16.5590
16.8400;7.6947;0.3706;16.5482
16.8600;7.3909;-0.6076;16.5350
16.8800;7.6354;0.4890;16.5274
16.9000;7.8288;0.3868;16.5180
16.9200;7.5173;-0.6229;16.5056
16.9400;7.7668;0.4990;16.4992
16.9600;7.9634;0.3932;16.4902
16.9800;7.6424;-0.6421;16.4786
17.0000;7.9108;0.5369;16.4721
17.0200;8.1253;0.4290;16.4637
17.0400;7.8073;-0.6360;16.4518
17.0600;8.0734;0.5322;16.4460
17.0800;8.2796;0.4123;16.4372
17.1000;7.9267;-0.7056;16.4250
17.1200;8.1747;0.4959;16.4199
17.1400;8.3678;0.3862;16.4117
17.1600;8.5863;0.4370;16.4010
17.1800;8.2081;-0.7563;16.3876
17.2000;8.4241;0.4319;16.5439
17.2200;8.6664;0.4847;16.4935
17.2400;8.2918;-0.7492;16.4668
17.2600;8.5783;0.5729;16.4528
17.2800;8.8016;0.4467;16.4377
17.3000;8.4152;-0.7728;16.4199
17.3200;8.7046;0.5788;16.4101
17.3400;8.9301;0.4511;16.3972
17.3600;8.5270;-0.8064;16.3807
17.3800;8.8138;0.5737;16.3731
17.4000;9.0376;0.4476;16.3627
17.4200;8.6302;-0.8147;16.3478
17.4400;8.9256;0.5908;16.3417
17.4600;9.1547;0.4582;16.3315
17.4800;8.7388;-0.8318;16.3177
17.5000;9.0373;0.5968;16.3132
17.5200;9.2683;0.4620;16.3041
17.5400;8.8431;-0.8503;16.2928
17.5600;9.1448;0.6034;16.2891
17.5800;9.3893;0.4890;16.2795
17.6000;8.9649;-0.8489;16.2685
17.6200;9.2748;0.6198;16.2646
17.6400;9.5115;0.4733;16.2558
17.6600;9.0716;-0.8796;16.2447
17.6800;9.3861;0.6288;16.2417
17.7000;9.6283;0.4845;16.2347
17.7200;9.1836;-0.8894;16.2236
17.7400;9.4730;0.5788;16.2700
17.7600;9.7193;0.4927;16.2532
17.7800;9.2685;-0.9017;16.2383
17.8000;9.5838;0.6306;16.2323
17.8200;9.8249;0.4823;16.2241
17.8400;9.3662;-0.9175;16.2117
17.8600;9.6838;0.6352;16.2071
17.8800;9.9263;0.4851;16.1999
17.9000;9.4602;-0.9322;16.1882
17.9200;9.7698;0.6191;16.1838
17.9400;10.0046;0.4696;16.1780
17.9600;9.5268;-0.9557;16.1674
17.9800;9.8475;0.6414;16.1644
18.0000;10.0935;0.4919;16.1552
18.0200;9.6128;-0.9613;16.1458
18.0400;9.9368;0.6480;16.1430
18.0600;10.1823;0.4910;16.1379
18.0800;10.4553;0.5461;16.1282
18.1000;9.9371;-1.0365;16.1148
18.1200;10.2824;0.6907;16.1102
18.1400;10.5442;0.5235;16.1027
18.1600;10.0260;-1.0364;16.0900
18.1800;10.3766;0.7012;16.0866
18.2000;10.6403;0.5273;16.0808
18.2200;10.1131;-1.0543;16.0657
18.2400;10.4508;0.6754;16.0646
18.2600;10.7073;0.5129;16.0580
18.2800;10.1685;-1.0774;16.0468
18.3000;10.4839;0.6307;16.1068
18.3200;10.7594;0.5510;16.0860
18.3400;10.2235;-1.0717;16.0710
18.3600;10.5735;0.6999;16.0695
18.3800;10.8401;0.5332;16.0602
18.4000;10.2985;-1.0831;16.0483
18.4200;10.6498;0.7025;16.0478
18.4400;10.9169;0.5342;16.0394
18.4600;10.3703;-1.0932;16.0283
18.4800;10.7227;0.7048;16.0287
18.5000;10.9849;0.5244;16.0212
18.5200;10.4301;-1.1096;16.0108
18.5400;10.7843;0.7084;16.0118
18.5600;11.0536;0.5387;16.0053
18.5800;10.5005;-1.1063;15.9954
18.6000;10.8574;0.7137;15.9964
18.6200;11.1276;0.5404;15.9903
18.6400;11.4273;0.5995;15.9806
18.6600;10.8348;-1.1849;15.9669
18.6800;11.2147;0.7596;15.9646
18.7000;11.5014;0.5736;15.9564
18.7200;10.9127;-1.1775;15.9439
18.7400;11.2975;0.7696;15.9422
18.7600;11.5854;0.5758;15.9352
18.7800;10.9839;-1.2030;15.9237
18.8000;11.3525;0.7372;15.9229
18.8200;11.6285;0.5521;15.9168
18.8400;11.0189;-1.2194;15.9053
18.8600;11.2556;0.4736;16.1368
18.8800;11.5656;0.6199;16.1087
18.9000;10.9849;-1.1613;16.0748
18.9200;11.3648;0.7597;16.0652
18.9400;11.6550;0.5803;16.0470
18.9600;11.0613;-1.1874;16.0278
18.9800;11.4414;0.7602;16.0225
19.0000;11.7302;0.5776;16.0079
19.0200;11.1300;-1.2004;15.9915
19.0400;11.5101;0.7601;15.9887
19.0600;11.7936;0.5671;15.9762
19.0800;11.1850;-1.2173;15.9620
19.1000;11.5664;0.7628;15.9614
19.1200;11.8559;0.5790;15.9510
19.1400;12.1764;0.6409;15.9383
19.1600;11.5305;-1.2917;15.9213
19.1800;11.9359;0.8107;15.9190
19.2000;12.2432;0.6147;15.9066
19.2200;11.5942;-1.2980;15.8917
19.2400;11.9992;0.8099;15.8912
19.2600;12.3055;0.6127;15.8807
19.2800;11.6531;-1.3049;15.8675
19.3000;12.0606;0.8150;15.8685
19.3200;12.3666;0.6121;15.8595
19.3400;11.7107;-1.3119;15.8471
19.3600;12.1132;0.8051;15.8491
19.3800;12.4163;0.6061;15.8410
19.4000;11.7614;-1.3098;15.8301
19.4200;12.1657;0.8086;15.8327
19.4400;12.4125;0.4938;15.9078
19.4600;11.7808;-1.2635;15.8761
19.4800;12.1830;0.8043;15.8738
19.5000;12.4873;0.6087;15.8636
19.5200;11.8335;-1.3076;15.8507
19.5400;12.2369;0.8067;15.8513
19.5600;12.5398;0.6058;15.8432
19.5800;12.8766;0.6736;15.8315
19.6000;12.1806;-1.3920;15.8152
19.6200;12.6081;0.8550;15.8136
19.6400;12.9271;0.6380;15.8028
19.6600;12.2291;-1.3959;15.7886
19.6800;12.6519;0.8455;15.7929
19.7000;12.9720;0.6403;15.7829
19.7200;12.2717;-1.4007;15.7700
19.7400;12.6944;0.8454;15.7723
19.7600;13.0136;0.6384;15.7610
19.7800;12.3107;-1.4057;15.7491
19.8000;12.7311;0.8408;15.7536
19.8200;13.0473;0.6324;15.7455
19.8400;12.3438;-1.4069;15.7352
19.8600;12.7661;0.8445;15.7405
19.8800;13.0822;0.6322;15.7333
19.9000;12.3794;-1.4054;15.7240
19.9200;12.7981;0.8373;15.7296
19.9400;13.1119;0.6276;15.7232
19.9600;13.4599;0.6960;15.7141
19.9800;12.7110;-1.4979;15.6997
20.0000;13.1507;0.8794;15.7022
20.0200;13.4726;0.6439;15.7050
20.0400;12.7336;-1.4781;15.6907
20.0600;13.1735;0.8799;15.6941
20.0800;13.5040;0.6611;15.6849
20.1000;12.7632;-1.4818;15.6733
20.1200;13.2014;0.8764;15.6779
20.1400;13.5298;0.6569;15.6701
20.1600;12.7901;-1.4795;15.6595
20.1800;13.2262;0.8724;15.6651
20.2000;13.5499;0.6474;15.6581
20.2200;12.8111;-1.4778;15.6485
20.2400;13.2435;0.8648;15.6585
20.2600;13.5691;0.6512;15.6528
20.2800;13.9322;0.7263;15.6412
20.3000;13.1526;-1.5593;15.6291
20.3200;13.6138;0.9226;15.6293
20.3400;13.9557;0.6837;15.6216
20.3600;13.1827;-1.5459;15.6067
20.3800;13.6392;0.9129;15.6088
20.4000;13.9745;0.6706;15.6064
20.4200;13.2099;-1.5293;15.5911
20.4400;13.6623;0.9048;15.5957
20.4600;13.9918;0.6590;15.5967
20.4800;13.2262;-1.5312;15.5848
20.5000;13.6758;0.8991;15.5870
20.5200;14.0063;0.6610;15.5838
20.5400;13.2464;-1.5197;15.5744
20.5600;13.8040;1.1151;15.4361
20.5800;14.0308;0.4536;15.5523
20.6000;14.5839;1.1061;15.3402
20.6200;13.7605;-1.6468;15.2993
20.6400;14.2341;0.9472;15.3050
20.6600;14.5736;0.6791;15.3133
20.6800;13.7581;-1.6311;15.3143
20.7000;14.2215;0.9268;15.3283
20.7200;14.5608;0.6787;15.3345
20.7400;13.7645;-1.5927;15.3340
20.7600;14.2185;0.9081;15.3459
20.7800;14.5539;0.6707;15.3503
20.8000;13.7924;-1.5230;15.3501
20.8200;14.2489;0.9131;15.3600
20.8400;14.5884;0.6789;15.3619
20.8600;14.9683;0.7598;15.3568
20.8800;14.1986;-1.5393;15.3477
20.9000;14.6788;0.9603;15.3518
20.9200;15.0401;0.7226;15.3472
20.9400;14.3144;-1.4513;15.3369
20.9600;14.7897;0.9505;15.3401
20.9800;15.1593;0.7394;15.3342
21.0000;14.4903;-1.3381;15.3231
21.0200;14.9641;0.9475;15.3240
21.0400;15.3258;0.7235;15.3208
21.0600;14.7162;-1.2191;15.3097
21.0800;15.1856;0.9388;15.3071
21.1000;15.5521;0.7330;15.3003
21.1200;15.9585;0.8127;15.2862
21.1400;15.4314;-1.0541;15.2012
21.1600;15.8906;0.9183;15.2463
21.1800;16.2856;0.7901;15.2423
21.2000;15.8784;-0.8145;15.0983
21.2200;16.3606;0.9645;15.0902
21.2400;16.7623;0.8033;15.0804
21.2600;16.3795;-0.7657;15.0646
21.2800;16.8668;0.9748;15.0559
21.3000;17.2713;0.8088;15.0420
21.3200;17.7133;0.8842;15.0216
21.3400;17.4286;-0.5695;14.9959
21.3600;17.9412;1.0253;14.9764
21.3800;18.3884;0.8944;14.9543
21.4000;18.2811;-0.2147;14.9254
21.4200;18.7880;1.0140;14.8971
21.4400;19.2528;0.9296;14.8685
21.4600;19.3583;0.2110;14.8295
21.4800;19.8556;0.9945;14.7953
21.5000;20.3467;0.9822;14.7574
21.5200;20.8702;1.0470;14.7118
21.5400;21.1705;0.6007;14.6661
21.5600;21.6953;1.0496;14.6179
21.5800;22.2189;1.0471;14.5698
21.6000;22.7542;1.0706;14.5139
21.6200;23.2655;1.0226;14.4549
21.6400;23.8082;1.0855;14.3928
21.6600;24.3863;1.1562;14.2553
21.6800;25.1073;1.4420;14.2130
21.7000;25.6413;1.0680;14.1559
21.7200;26.2354;1.1882;14.0897
21.7400;27.2089;1.9470;14.0285
21.7600;27.6641;0.9105;13.7581
21.7800;28.3082;1.2883;13.6704
21.8000;28.9670;1.3175;13.5935
21.8200;29.9999;2.0658;13.5148
21.8400;30.5931;1.1864;13.4286
21.8600;31.2749;1.3636;13.3388
21.8800;31.9852;1.4207;13.2512
21.9000;33.1587;1.9404;13.1638
21.9200;33.8081;0.7006;13.0519
21.9400;34.5737;0.4292;12.9565
21.9600;35.3832;0.2805;12.8369
21.9800;36.6951;0.1737;12.7251
22.0000;37.5028;0.0000;12.6173
22.0200;38.3648;0.0000;12.5209
22.0400;39.2728;0.0000;12.4344
22.0600;40.6441;0.0000;12.3149
22.0800;41.5454;0.0000;12.2480
22.1000;42.4824;0.0000;12.1878
22.1200;43.4626;0.0000;12.1335
22.1400;44.8821;0.0000;12.0847
22.1600;45.8515;0.0000;12.0408
22.1800;46.8546;0.0000;12.0013
22.2000;47.8955;0.0000;11.9657
22.2200;49.3023;0.0000;11.9337
22.2400;50.3275;0.0000;11.9049
22.2600;51.3819;0.0000;11.8790
22.2800;52.4764;0.0000;11.8556
22.3000;53.6062;0.0000;11.8346
22.3200;54.8831;0.0000;11.8157
22.3400;55.9747;0.0000;11.7987
22.3600;57.1019;0.0000;11.7834
22.3800;58.2545;0.0000;11.7696
22.4000;59.4215;0.0000;11.7572
22.4200;60.5342;0.0000;11.7461
22.4400;61.6729;0.0000;11.7360
22.4600;62.8439;0.0000;11.7270
22.4800;64.0353;0.0000;11.7188
22.5000;65.0015;0.0000;11.7115
22.5200;66.1473;0.0000;11.7049
22.5400;67.3133;0.0000;11.6990
22.5600;68.4952;0.0000;11.6937
22.5800;69.7012;0.0000;11.6889
22.6000;70.9218;0.0000;11.6845
22.6200;71.5753;0.0000;11.6806
22.6400;72.7393;0.0000;11.6771
22.6600;73.9137;0.0000;11.6740
22.6800;75.1021;0.0000;11.6712
22.7000;76.3038;0.0000;11.6686
22.7200;76.7169;0.0000;11.6663
22.7400;77.8545;0.0000;11.6642
22.7600;79.0018;0.0000;11.6624
22.7800;80.1578;0.0000;11.6607
22.8000;81.3221;0.0000;11.6592
22.8200;82.4980;0.0000;11.6578
22.8400;83.6758;0.0000;11.6566
22.8600;83.7202;0.0000;11.6555
22.8800;84.8296;0.0000;11.6545
22.9000;85.9428;0.0000;11.6536
22.9200;87.0590;0.0000;11.6528
22.9400;88.1774;0.0000;11.6521
22.9600;89.2971;0.0000;11.6515
22.9800;89.5186;0.0000;11.6509
23.0000;89.5470;0.0000;11.6503
23.0200;89.5470;0.0000;11.6499
23.0400;89.5469;0.0000;11.6495
23.0600;89.5469;0.0000;11.6491
23.0800;89.5469;0.0000;11.6487
23.1000;89.5469;0.0000;11.6484
23.1200;89.5469;0.0000;11.6481
23.1400;89.5469;0.0000;11.6479
23.1600;89.5725;0.0000;11.6476
23.1800;89.5725;0.0000;11.6474
23.2000;89.5725;0.0000;11.6473
23.2200;89.5725;0.0000;11.6471
23.2400;89.5725;0.0000;11.6470
23.2600;89.5725;0.0000;11.6468
23.2800;89.5725;0.0000;11.6467
23.3000;89.5725;0.0000;11.6466
23.3200;89.5725;0.0000;11.6465
23.3400;89.5958;0.0000;11.6464
23.3600;89.5958;0.0000;11.6463
23.3800;89.5958;0.0000;11.6462
23.4000;89.5958;0.0000;11.6462
23.4200;89.5958;0.0000;11.6461
23.4400;89.5958;0.0000;11.6461
23.4600;89.5958;0.0000;11.6460
23.4800;89.5958;0.0000;11.6460
23.5000;89.5958;0.0000;11.6460
23.5200;89.5958;0.0000;11.6459
23.5400;89.5958;0.0000;11.6459
23.5600;89.6172;0.0000;11.6459
23.5800;89.6172;0.0000;11.6459
23.6000;89.6172;0.0000;11.6458
23.6200;89.6172;0.0000;11.6458
23.6400;89.6172;0.0000;11.6458
23.6600;89.6172;0.0000;11.6458
23.6800;89.6172;0.0000;11.6457
23.7000;89.6172;0.0000;11.6457
23.7200;89.6173;0.0000;11.6457
23.7400;89.6173;0.0000;11.6457
23.7600;89.6173;0.0000;11.6457
23.7800;89.6173;0.0000;11.6457
23.8000;89.6370;0.0000;11.6457
23.8200;89.6370;0.0000;11.6457
23.8400;89.6370;0.0000;11.6457
23.8600;89.6370;0.0000;11.6457
23.8800;89.6370;0.0000;11.6457
23.9000;89.6369;0.0000;11.6457
23.9200;89.6370;0.0000;11.6457
23.9400;89.6370;0.0000;11.6456
23.9600;89.6370;0.0000;11.6457
23.9800;89.5822;0.0000;0.3442
24.0000;89.5826;0.0000;0.0911
24.0200;89.5819;0.0000;0.1176
24.0400;89.5813;0.0000;0.1900
24.0600;89.5811;0.0000;0.0555
24.0800;89.5810;0.0000;0.0188
24.1000;89.5809;0.0000;0.0072
24.1200;89.5809;0.0000;0.0038
24.1400;89.5809;0.0000;0.0018
24.1600;89.5809;0.0000;0.0015
24.1800;89.5809;0.0000;0.0016
24.2000;89.5809;0.0000;0.0017
24.2200;89.5809;0.0000;0.0018
24.2400;89.5809;0.0000;0.0017
24.2600;89.5809;0.0000;0.0019
24.2800;89.5809;0.0000;0.0018
24.3000;89.5809;0.0000;0.0018
24.3200;89.5809;0.0000;0.0019
24.3400;89.5809;0.0000;0.0016
24.3600;89.5809;0.0000;0.0018
24.3800;89.5809;0.0000;0.0013
24.4000;89.5809;0.0000;0.0014
24.4200;89.5809;0.0000;0.0014
24.4400;89.5809;0.0000;0.0016
24.4600;89.5809;0.0000;0.0014
24.4800;89.5809;0.0000;0.0012
24.5000;89.5809;0.0000;0.0012
24.5200;89.5809;0.0000;0.0010
24.5400;89.5809;0.0000;0.0009
24.5600;89.5809;0.0000;0.0012
24.5800;89.5809;0.0000;0.0011
24.6000;89.5809;0.0000;0.0010
24.6200;89.5809;0.0000;0.0008
24.6400;89.5809;0.0000;0.0008
24.6600;89.5809;0.0000;0.0007
24.6800;89.5809;0.0000;0.0007
24.7000;89.5809;0.0000;0.0009
24.7200;89.5809;0.0000;0.0010
24.7400;89.5809;0.0000;0.0008
24.7600;89.5809;0.0000;0.0006
24.7800;89.5809;0.0000;0.0006
24.8000;89.5809;0.0000;0.0006
24.8200;89.5809;0.0000;0.0008
24.8400;89.5809;0.0000;0.0006
24.8600;89.5809;0.0000;0.0005
24.8800;89.5809;0.0000;0.0003
24.9000;89.5809;0.0000;0.0004
24.9200;89.5809;0.0000;0.0006
24.9400;89.5809;0.0000;0.0003
24.9600;89.5809;0.0000;0.0005
24.9800;89.5809;0.0000;0.0004
25.0000;89.5809;0.0000;0.0003
25.0200;89.5809;0.0000;0.0003
25.0400;89.5809;0.0000;0.0006
25.0600;89.5809;0.0000;0.0004
25.0800;89.5809;0.0000;0.0003
25.1000;89.5809;0.0000;0.0003
25.1200;89.5809;0.0000;0.0005
25.1400;89.5809;0.0000;0.0002
25.1600;89.5809;0.0000;0.0002
25.1800;89.5809;0.0000;0.0003
25.2000;89.5809;0.0000;0.0003
25.2200;89.5809;0.0000;0.0003
25.2400;89.5809;0.0000;0.0005
25.2600;89.5809;0.0000;0.0002
25.2800;89.5809;0.0000;0.0002
25.3000;89.5809;0.0000;0.0005
25.3200;89.5809;0.0000;0.0002
25.3400;89.5809;0.0000;0.0004
25.3600;89.5809;0.0000;0.0003
25.3800;89.5809;0.0000;0.0002
25.4000;89.5809;0.0000;0.0002
25.4200;89.5809;0.0000;0.0004
25.4400;89.5809;0.0000;0.0002
25.4600;89.5809;0.0000;0.0001
25.4800;89.5809;0.0000;0.0001
25.5000;89.5809;0.0000;0.0001
25.5200;89.5809;0.0000;0.0001
25.5400;89.5809;0.0000;0.0001
25.5600;89.5809;0.0000;0.0001
25.5800;89.5809;0.0000;0.0004
25.6000;89.5809;0.0000;0.0001
25.6200;89.5809;0.0000;0.0000
25.6400;89.5809;0.0000;0.0001
25.6600;89.5809;0.0000;0.0001
25.6800;89.5809;0.0000;0.0001
25.7000;89.5809;0.0000;0.0001
25.7200;89.5809;0.0000;0.0001
25.7400;89.5809;0.0000;0.0001
25.7600;89.5809;0.0000;0.0001
25.7800;89.5810;0.0000;0.0004
25.8000;89.5810;0.0000;0.0003
25.8200;89.5810;0.0000;0.0001
25.8400;89.5810;0.0000;0.0002
25.8600;89.5810;0.0000;0.0001
25.8800;89.5809;0.0000;0.0409
25.9000;89.5809;0.0000;0.0042
25.9200;89.5809;0.0000;0.0012
25.9400;89.5809;0.0000;0.0015
25.9600;89.5809;0.0000;0.0010
25.9800;89.5809;0.0000;0.0003
26.0000;89.5809;0.0000;0.0009
26.0200;89.5809;0.0000;0.0008
26.0400;89.5809;0.0000;0.0005
26.0600;89.5809;0.0000;0.0009
26.0800;89.5809;0.0000;0.0005
26.1000;89.5809;0.0000;0.0004
26.1200;89.5809;0.0000;0.0004
26.1400;89.5809;0.0000;0.0008
26.1600;89.5809;0.0000;0.0007
26.1800;89.5809;0.0000;0.0002
26.2000;89.5809;0.0000;0.0002
26.2200;89.5809;0.0000;0.0001
26.2400;89.5809;0.0000;0.0005
26.2600;89.5809;0.0000;0.0003
26.2800;89.5809;0.0000;0.0003
26.3000;89.5809;0.0000;0.0002
26.3200;89.5809;0.0000;0.0002
26.3400;89.5809;0.0000;0.0000
26.3600;89.5809;0.0000;0.0006
26.3800;89.5809;0.0000;0.0003
26.4000;89.5809;0.0000;0.0001
26.4200;89.5809;0.0000;0.0001
26.4400;89.5809;0.0000;0.0003
26.4600;89.5809;0.0000;0.0005
26.4800;89.5809;0.0000;0.0002
26.5000;89.5809;0.0000;0.0001
26.5200;89.5809;0.0000;0.0003
26.5400;89.5809;0.0000;0.0001
26.5600;89.5809;0.0000;0.0003
26.5800;89.5809;0.0000;0.0002
26.6000;89.5809;0.0000;0.0001
26.6200;89.5809;0.0000;0.0001
26.6400;89.5810;0.0000;0.0001
26.6600;89.5809;0.0000;0.0004
26.6800;89.5810;0.0000;0.0003
26.7000;89.5810;0.0000;0.0001
26.7200;89.5810;0.0000;0.0001
26.7400;89.5810;0.0000;0.0002
26.7600;89.5810;0.0000;0.0001
26.7800;89.5810;0.0000;0.0002
26.8000;89.5810;0.0000;0.0000
26.8200;89.5810;0.0000;0.0002
26.8400;89.5810;0.0000;0.0001
