Zaman,Hata,Cikis,Ref_X,Ref_Z,Arac_X,Arac_Z
0,020,0,0000,0,0000,258,00,-170,00,258,00,-170,00
0,040,0,0000,0,0000,259,61,-159,09,258,00,-170,00
0,060,0,0001,0,0003,259,61,-159,09,258,02,-169,84
0,080,0,0001,0,0002,259,61,-159,09,258,05,-169,68
0,100,0,0001,0,0003,259,61,-159,09,258,07,-169,53
0,120,0,0002,0,0003,259,61,-159,09,258,09,-169,37
0,140,0,0002,0,0003,259,61,-159,09,258,12,-169,21
0,160,0,0003,0,0004,259,61,-159,09,258,14,-169,05
0,180,0,0003,0,0004,259,61,-159,09,258,16,-168,89
0,200,-3,7694,-20,7319,259,66,-150,42,258,19,-168,73
0,220,-2,5586,4,7750,259,66,-150,42,258,21,-168,58
0,240,-2,8678,-2,9800,259,66,-150,42,258,23,-168,42
0,260,-2,7151,-0,5939,259,66,-150,42,258,25,-168,26
0,280,-2,7037,-1,2950,259,66,-150,42,258,27,-168,10
0,300,-2,6502,-1,0576,259,66,-150,42,258,29,-167,94
0,320,-2,6111,-1,1100,259,66,-150,42,258,31,-167,78
0,340,-2,5687,-1,0722,259,66,-150,42,258,33,-167,62
0,360,-2,5283,-1,0626,259,66,-150,42,258,35,-167,46
0,380,-2,4888,-1,0469,259,66,-150,42,258,37,-167,31
0,400,-2,4494,-1,0274,259,66,-150,42,258,39,-167,15
0,420,-2,4109,-1,0131,259,66,-150,42,258,41,-166,99
0,440,-2,3735,-0,9999,259,66,-150,42,258,43,-166,83
0,460,-2,3369,-0,9851,259,66,-150,42,258,44,-166,67
0,480,-2,3016,-0,9742,259,66,-150,42,258,46,-166,51
0,500,-2,2662,-0,9561,259,66,-150,42,258,48,-166,35
0,520,-2,2318,-0,9439,259,66,-150,42,258,50,-166,19
0,540,-2,1988,-0,9345,259,66,-150,42,258,52,-166,03
0,560,-2,1645,-0,9108,259,66,-150,42,258,54,-165,87
0,580,-2,1324,-0,9058,259,66,-150,42,258,55,-165,72
0,600,-2,1005,-0,8908,259,66,-150,42,258,57,-165,56
0,620,-2,0694,-0,8792,259,66,-150,42,258,59,-165,40
0,640,-2,0389,-0,8669,259,66,-150,42,258,61,-165,24
0,660,-2,0101,-0,8609,259,66,-150,42,258,62,-165,08
0,680,-1,9815,-0,8480,259,66,-150,42,258,64,-164,92
0,700,-1,9527,-0,8321,259,66,-150,42,258,66,-164,76
0,720,-1,9248,-0,8229,259,66,-150,42,258,67,-164,60
0,740,-1,8968,-0,8086,259,66,-150,42,258,69,-164,44
0,760,-1,8702,-0,8020,259,66,-150,42,258,71,-164,28
0,780,-1,8439,-0,7902,259,66,-150,42,258,72,-164,12
0,800,-1,8182,-0,7809,259,66,-150,42,258,74,-163,97
0,820,-1,7920,-0,7647,259,66,-150,42,258,75,-163,81
0,840,-1,7677,-0,7625,259,66,-150,42,258,77,-163,65
0,860,-1,7435,-0,7510,259,66,-150,42,258,79,-163,49
0,880,-1,7201,-0,7427,259,66,-150,42,258,80,-163,33
0,900,-1,6979,-0,7382,259,66,-150,42,258,82,-163,17
0,920,-1,6763,-0,7302,259,66,-150,42,258,83,-163,01
0,940,-1,6549,-0,7206,259,66,-150,42,258,85,-162,85
0,960,-1,6344,-0,7147,259,66,-150,42,258,86,-162,69
0,980,-1,6140,-0,7049,259,66,-150,42,258,88,-162,53
1,000,-1,5933,-0,6932,259,66,-150,42,258,89,-162,37
1,020,-1,5733,-0,6867,259,66,-150,42,258,91,-162,21
1,040,-1,5525,-0,6722,259,66,-150,42,258,92,-162,05
1,060,-1,5337,-0,6730,259,66,-150,42,258,94,-161,90
1,080,-1,5151,-0,6641,259,66,-150,42,258,95,-161,74
1,100,-1,4956,-0,6508,259,66,-150,42,258,97,-161,58
1,120,-1,4783,-0,6522,259,66,-150,42,258,98,-161,42
1,140,-1,4610,-0,6439,259,66,-150,42,258,99,-161,26
1,160,-1,4441,-0,6380,259,66,-150,42,259,01,-161,10
1,180,-1,4292,-0,6397,259,66,-150,42,259,02,-160,94
1,200,-1,4128,-0,6245,259,66,-150,42,259,04,-160,78
1,220,-1,3975,-0,6223,259,66,-150,42,259,05,-160,62
1,240,-1,3837,-0,6230,259,66,-150,42,259,06,-160,46
1,260,-1,3687,-0,6094,259,66,-150,42,259,08,-160,30
1,280,-5,6644,-31,1540,258,82,-143,22,259,09,-160,14
1,300,-3,8491,7,1519,258,82,-143,22,259,10,-159,98
1,320,-4,3144,-4,4841,258,82,-143,22,259,11,-159,82
1,340,-4,0873,-0,9082,258,82,-143,22,259,12,-159,66
1,360,-4,0721,-1,9598,258,82,-143,22,259,13,-159,50
1,380,-3,9940,-1,6064,258,82,-143,22,259,14,-159,34
1,400,-3,9375,-1,6865,258,82,-143,22,259,14,-159,18
1,420,-3,8762,-1,6314,258,82,-143,22,259,15,-159,02
1,440,-3,8179,-1,6173,258,82,-143,22,259,16,-158,86
1,460,-3,7602,-1,5917,258,82,-143,22,259,17,-158,70
1,480,-3,7040,-1,5708,258,82,-143,22,259,17,-158,54
1,500,-3,6488,-1,5484,258,82,-143,22,259,18,-158,38
1,520,-3,5956,-1,5321,258,82,-143,22,259,19,-158,22
1,540,-3,5424,-1,5053,258,82,-143,22,259,19,-158,06
1,560,-3,4906,-1,4863,258,82,-143,22,259,20,-157,90
1,580,-3,4399,-1,4660,258,82,-143,22,259,20,-157,74
1,600,-3,3902,-1,4467,258,82,-143,22,259,21,-157,58
1,620,-3,3425,-1,4330,258,82,-143,22,259,21,-157,42
1,640,-3,2936,-1,4022,258,82,-143,22,259,22,-157,26
1,660,-3,2464,-1,3870,258,82,-143,22,259,22,-157,10
1,680,-3,2009,-1,3731,258,82,-143,22,259,23,-156,95
1,700,-3,1550,-1,3478,258,82,-143,22,259,23,-156,79
1,720,-3,1117,-1,3394,258,82,-143,22,259,24,-156,63
1,740,-3,0689,-1,3205,258,82,-143,22,259,24,-156,47
1,760,-3,0266,-1,3016,258,82,-143,22,259,24,-156,31
1,780,-2,9856,-1,2879,258,82,-143,22,259,25,-156,15
1,800,-2,9454,-1,2718,258,82,-143,22,259,25,-155,99
1,820,-2,9064,-1,2584,258,82,-143,22,259,25,-155,83
1,840,-2,8683,-1,2432,258,82,-143,22,259,25,-155,67
1,860,-2,8310,-1,2290,258,82,-143,22,259,26,-155,51
1,880,-2,7945,-1,2149,258,82,-143,22,259,26,-155,35
1,900,-2,7588,-1,2012,258,82,-143,22,259,26,-155,19
1,920,-2,7241,-1,1885,258,82,-143,22,259,26,-155,03
1,940,-2,6902,-1,1752,258,82,-143,22,259,26,-154,87
1,960,-2,6571,-1,1633,258,82,-143,22,259,27,-154,71
1,980,-2,6247,-1,1506,258,82,-143,22,259,27,-154,55
2,000,-2,5933,-1,1394,258,82,-143,22,259,27,-154,39
2,020,-2,5626,-1,1281,258,82,-143,22,259,27,-154,23
2,040,-2,5327,-1,1164,258,82,-143,22,259,27,-154,07
2,060,-2,5035,-1,1061,258,82,-143,22,259,27,-153,91
2,080,-2,4752,-1,0958,258,82,-143,22,259,27,-153,75
2,100,-2,4476,-1,0859,258,82,-143,22,259,27,-153,59
2,120,-2,4208,-1,0763,258,82,-143,22,259,27,-153,43
2,140,-2,3947,-1,0670,258,82,-143,22,259,27,-153,27
2,160,-2,3694,-1,0580,258,82,-143,22,259,27,-153,11
2,180,-5,1475,-28,3113,257,71,-136,67,259,27,-152,95
2,200,-3,4996,6,4897,257,71,-136,67,259,27,-152,79
2,220,-3,9248,-4,0882,257,71,-136,67,259,26,-152,63
2,240,-3,7191,-0,8310,257,71,-136,67,259,26,-152,47
2,260,-3,7070,-1,7934,257,71,-136,67,259,25,-152,31
2,280,-3,6376,-1,4716,257,71,-136,67,259,25,-152,15
2,300,-3,5871,-1,5412,257,71,-136,67,259,24,-151,99
2,320,-3,5324,-1,4923,257,71,-136,67,259,23,-151,83
2,340,-3,4803,-1,4797,257,71,-136,67,259,23,-151,67
2,360,-3,4288,-1,4571,257,71,-136,67,259,22,-151,51
2,380,-3,3786,-1,4381,257,71,-136,67,259,22,-151,35
2,400,-3,3293,-1,4184,257,71,-136,67,259,21,-151,19
2,420,-3,2811,-1,3995,257,71,-136,67,259,20,-151,03
2,440,-3,2339,-1,3808,257,71,-136,67,259,19,-150,87
2,460,-3,1877,-1,3631,257,71,-136,67,259,19,-150,71
2,480,-3,1425,-1,3450,257,71,-136,67,259,18,-150,55
2,500,-3,0973,-1,3226,257,71,-136,67,259,17,-150,39
2,520,-3,0542,-1,3119,257,71,-136,67,259,16,-150,23
2,540,-3,0118,-1,2937,257,71,-136,67,259,15,-150,07
2,560,-2,9704,-1,2782,257,71,-136,67,259,14,-149,91
2,580,-2,9299,-1,2623,257,71,-136,67,259,14,-149,75
2,600,-2,8902,-1,2470,257,71,-136,67,259,13,-149,59
2,620,-2,8515,-1,2320,257,71,-136,67,259,12,-149,43
2,640,-2,8136,-1,2172,257,71,-136,67,259,11,-149,27
2,660,-2,7765,-1,2028,257,71,-136,67,259,10,-149,11
2,680,-2,7402,-1,1887,257,71,-136,67,259,09,-148,95
2,700,-2,7048,-1,1756,257,71,-136,67,259,08,-148,79
2,720,-2,6702,-1,1620,257,71,-136,67,259,07,-148,63
2,740,-2,6356,-1,1448,257,71,-136,67,259,06,-148,47
2,760,-2,6024,-1,1351,257,71,-136,67,259,05,-148,31
2,780,-2,5703,-1,1245,257,71,-136,67,259,03,-148,15
2,800,-2,5401,-1,1191,257,71,-136,67,259,02,-147,99
2,820,-2,5091,-1,0997,257,71,-136,67,259,01,-147,83
2,840,-2,4794,-1,0912,257,71,-136,67,259,00,-147,67
2,860,-2,4503,-1,0797,257,71,-136,67,258,99,-147,51
2,880,-2,4220,-1,0695,257,71,-136,67,258,98,-147,35
2,900,-2,3944,-1,0593,257,71,-136,67,258,97,-147,19
2,920,-2,3676,-1,0495,257,71,-136,67,258,95,-147,03
2,940,-2,3414,-1,0400,257,71,-136,67,258,94,-146,87
2,960,-2,3146,-1,0232,257,71,-136,67,258,93,-146,72
2,980,-2,2891,-1,0167,257,71,-136,67,258,91,-146,56
3,000,-1,9054,-10,4797,257,00,-130,00,258,90,-146,40
3,020,-1,2942,2,4086,257,00,-130,00,258,89,-146,24
3,040,-1,4515,-1,5122,257,00,-130,00,258,87,-146,08
3,060,-1,3746,-0,3026,257,00,-130,00,258,86,-145,92
3,080,-1,3703,-0,6636,257,00,-130,00,258,84,-145,76
3,100,-1,3444,-0,5426,257,00,-130,00,258,83,-145,60
3,120,-1,3248,-0,5644,257,00,-130,00,258,81,-145,44
3,140,-1,3056,-0,5569,257,00,-130,00,258,80,-145,28
3,160,-1,2859,-0,5446,257,00,-130,00,258,78,-145,12
3,180,-1,2669,-0,5385,257,00,-130,00,258,77,-144,96
3,200,-1,2482,-0,5307,257,00,-130,00,258,75,-144,80
3,220,-1,2309,-0,5287,257,00,-130,00,258,74,-144,64
3,240,-1,2127,-0,5153,257,00,-130,00,258,72,-144,48
3,260,-1,1962,-0,5155,257,00,-130,00,258,71,-144,33
3,280,-1,1786,-0,5016,257,00,-130,00,258,69,-144,17
3,300,-1,1628,-0,5024,257,00,-130,00,258,68,-144,01
3,320,-1,1460,-0,4892,257,00,-130,00,258,66,-143,85
3,340,-1,1300,-0,4848,257,00,-130,00,258,64,-143,69
3,360,-1,1142,-0,4778,257,00,-130,00,258,63,-143,53
3,380,-1,0988,-0,4725,257,00,-130,00,258,61,-143,37
3,400,-1,0836,-0,4661,257,00,-130,00,258,60,-143,21
3,420,-1,0688,-0,4602,257,00,-130,00,258,58,-143,05
3,440,-1,0533,-0,4491,257,00,-130,00,258,56,-142,89
3,460,-1,0383,-0,4445,257,00,-130,00,258,55,-142,73
3,480,-1,0237,-0,4386,257,00,-130,00,258,53,-142,57
3,500,-1,0093,-0,4326,257,00,-130,00,258,51,-142,42
3,520,-0,9964,-0,4337,257,00,-130,00,258,50,-142,26
3,540,-0,9835,-0,4272,257,00,-130,00,258,48,-142,10
3,560,-0,9709,-0,4224,257,00,-130,00,258,46,-141,94
3,580,-0,9586,-0,4180,257,00,-130,00,258,45,-141,78
3,600,-0,9479,-0,4201,257,00,-130,00,258,43,-141,62
3,620,-0,9369,-0,4138,257,00,-130,00,258,41,-141,46
3,640,-0,9252,-0,4042,257,00,-130,00,258,40,-141,30
3,660,-0,9142,-0,4018,257,00,-130,00,258,38,-141,14
3,680,-0,9033,-0,3974,257,00,-130,00,258,36,-140,98
3,700,-0,8939,-0,4000,257,00,-130,00,258,35,-140,82
3,720,-0,8832,-0,3879,257,00,-130,00,258,33,-140,67
3,740,-0,8732,-0,3869,257,00,-130,00,258,31,-140,51
3,760,-0,8631,-0,3808,257,00,-130,00,258,29,-140,35
3,780,-0,8537,-0,3799,257,00,-130,00,258,28,-140,19
3,800,-0,8445,-0,3760,257,00,-130,00,258,26,-140,03
3,820,-0,8355,-0,3731,257,00,-130,00,258,24,-139,87
3,840,-0,1555,-0,8554,256,31,-122,96,258,22,-139,71
3,860,-0,1057,0,1961,256,31,-122,96,258,21,-139,55
3,880,-0,1185,-0,1232,256,31,-122,96,258,19,-139,39
3,900,-0,1123,-0,0249,256,31,-122,96,258,17,-139,23
3,920,-0,1110,-0,0490,256,31,-122,96,258,15,-139,07
3,940,-0,1091,-0,0452,256,31,-122,96,258,13,-138,92
3,960,-0,1075,-0,0457,256,31,-122,96,258,12,-138,76
3,980,-0,1050,-0,0400,256,31,-122,96,258,10,-138,60
4,000,-0,1028,-0,0406,256,31,-122,96,258,08,-138,44
4,020,-0,1014,-0,0437,256,31,-122,96,258,06,-138,28
4,040,-0,0999,-0,0421,256,31,-122,96,258,04,-138,12
4,060,-0,0975,-0,0369,256,31,-122,96,258,03,-137,96
4,080,-0,0964,-0,0426,256,31,-122,96,258,01,-137,80
4,100,-0,0948,-0,0396,256,31,-122,96,257,99,-137,64
4,120,-0,0925,-0,0347,256,31,-122,96,257,97,-137,48
4,140,-0,0905,-0,0352,256,31,-122,96,257,95,-137,33
4,160,-0,0894,-0,0394,256,31,-122,96,257,94,-137,17
4,180,-0,0881,-0,0376,256,31,-122,96,257,92,-137,01
4,200,-0,0858,-0,0315,256,31,-122,96,257,90,-136,85
4,220,-0,0839,-0,0324,256,31,-122,96,257,88,-136,69
4,240,-0,0830,-0,0367,256,31,-122,96,257,86,-136,53
4,260,-0,0818,-0,0349,256,31,-122,96,257,85,-136,37
4,280,-0,0797,-0,0293,256,31,-122,96,257,83,-136,21
4,300,-0,0778,-0,0294,256,31,-122,96,257,81,-136,05
4,320,-0,0759,-0,0284,256,31,-122,96,257,79,-135,89
4,340,-0,0751,-0,0337,256,31,-122,96,257,77,-135,74
4,360,-0,0740,-0,0317,256,31,-122,96,257,76,-135,58
4,380,-0,0731,-0,0319,256,31,-122,96,257,74,-135,42
4,400,-0,0722,-0,0315,256,31,-122,96,257,72,-135,26
4,420,-0,0723,-0,0368,256,31,-122,96,257,70,-135,10
4,440,-0,0722,-0,0354,256,31,-122,96,257,68,-134,94
4,460,-0,0722,-0,0361,256,31,-122,96,257,67,-134,78
4,480,-0,0710,-0,0297,256,31,-122,96,257,65,-134,62
4,500,-0,0703,-0,0314,256,31,-122,96,257,63,-134,46
4,520,-0,0705,-0,0365,256,31,-122,96,257,61,-134,31
4,540,-0,0705,-0,0353,256,31,-122,96,257,59,-134,15
4,560,-0,0694,-0,0291,256,31,-122,96,257,58,-133,99
4,580,-0,0687,-0,0308,256,31,-122,96,257,56,-133,83
4,600,-0,0692,-0,0371,256,31,-122,96,257,54,-133,67
4,620,-0,0694,-0,0357,256,31,-122,96,257,52,-133,51
4,640,-0,0682,-0,0284,256,31,-122,96,257,51,-133,35
4,660,-0,0676,-0,0304,256,31,-122,96,257,49,-133,19
4,680,-0,0668,-0,0296,256,31,-122,96,257,47,-133,03
4,700,-0,0675,-0,0373,256,31,-122,96,257,45,-132,87
4,720,-1,1030,-6,0667,255,22,-116,08,257,43,-132,72
4,740,-0,7497,1,3918,255,22,-116,08,257,42,-132,56
4,760,-0,8405,-0,8740,255,22,-116,08,257,40,-132,40
4,780,-0,7963,-0,1772,255,22,-116,08,257,38,-132,24
4,800,-0,7935,-0,3829,255,22,-116,08,257,36,-132,08
4,820,-0,7776,-0,3091,255,22,-116,08,257,34,-131,92
4,840,-0,7669,-0,3299,255,22,-116,08,257,32,-131,76
4,860,-0,7550,-0,3179,255,22,-116,08,257,30,-131,60
4,880,-0,7437,-0,3156,255,22,-116,08,257,28,-131,44
4,900,-0,7316,-0,3054,255,22,-116,08,257,26,-131,29
4,920,-0,7203,-0,3035,255,22,-116,08,257,24,-131,13
4,940,-0,7098,-0,3024,255,22,-116,08,257,22,-130,97
4,960,-0,6993,-0,2972,255,22,-116,08,257,20,-130,81
4,980,-0,6891,-0,2933,255,22,-116,08,257,18,-130,65
5,000,-0,6791,-0,2897,255,22,-116,08,257,16,-130,49
5,020,-0,6692,-0,2854,255,22,-116,08,257,15,-130,33
5,040,-0,6596,-0,2815,255,22,-116,08,257,13,-130,17
5,060,-0,6502,-0,2782,255,22,-116,08,257,11,-130,02
5,080,-0,6410,-0,2742,255,22,-116,08,257,09,-129,86
5,100,-0,6320,-0,2711,255,22,-116,08,257,07,-129,70
5,120,-0,6231,-0,2672,255,22,-116,08,257,05,-129,54
5,140,-0,6145,-0,2643,255,22,-116,08,257,03,-129,38
5,160,-0,6060,-0,2605,255,22,-116,08,257,01,-129,22
5,180,-0,5978,-0,2577,255,22,-116,08,256,99,-129,06
5,200,-0,5898,-0,2548,255,22,-116,08,256,97,-128,90
5,220,-0,5807,-0,2453,255,22,-116,08,256,95,-128,74
5,240,-0,5734,-0,2500,255,22,-116,08,256,93,-128,59
5,260,-0,5657,-0,2443,255,22,-116,08,256,91,-128,43
5,280,-0,5575,-0,2379,255,22,-116,08,256,89,-128,27
5,300,-0,5506,-0,2408,255,22,-116,08,256,87,-128,11
5,320,-0,5435,-0,2359,255,22,-116,08,256,85,-127,95
5,340,-0,5355,-0,2278,255,22,-116,08,256,83,-127,79
5,360,-0,5292,-0,2331,255,22,-116,08,256,81,-127,63
5,380,-0,5214,-0,2218,255,22,-116,08,256,78,-127,48
5,400,-0,5154,-0,2276,255,22,-116,08,256,76,-127,32
5,420,-0,5078,-0,2162,255,22,-116,08,256,74,-127,16
5,440,-0,5022,-0,2232,255,22,-116,08,256,72,-127,00
5,460,-0,4953,-0,2131,255,22,-116,08,256,70,-126,84
5,480,-0,4900,-0,2185,255,22,-116,08,256,68,-126,68
5,500,-0,4843,-0,2135,255,22,-116,08,256,66,-126,52
5,520,-0,4802,-0,2199,255,22,-116,08,256,64,-126,36
5,540,-0,4746,-0,2089,255,22,-116,08,256,62,-126,21
5,560,-0,4706,-0,2157,255,22,-116,08,256,60,-126,05
5,580,-0,4653,-0,2063,255,22,-116,08,256,58,-125,89
5,600,-0,6967,-3,8319,254,26,-109,72,256,56,-125,73
5,620,-0,4746,0,8734,254,26,-109,72,256,54,-125,57
5,640,-0,5318,-0,5521,254,26,-109,72,256,52,-125,41
5,660,-0,5032,-0,1085,254,26,-109,72,256,49,-125,25
5,680,-0,5018,-0,2441,254,26,-109,72,256,47,-125,10
5,700,-0,4925,-0,1993,254,26,-109,72,256,45,-124,94
5,720,-0,4843,-0,2012,254,26,-109,72,256,43,-124,78
5,740,-0,4773,-0,2038,254,26,-109,72,256,41,-124,62
5,760,-0,4702,-0,1995,254,26,-109,72,256,39,-124,46
5,780,-0,4619,-0,1895,254,26,-109,72,256,37,-124,30
5,800,-0,4556,-0,1963,254,26,-109,72,256,34,-124,14
5,820,-0,4489,-0,1909,254,26,-109,72,256,32,-123,99
5,840,-0,4420,-0,1866,254,26,-109,72,256,30,-123,83
5,860,-0,4358,-0,1871,254,26,-109,72,256,28,-123,67
5,880,-0,4296,-0,1838,254,26,-109,72,256,26,-123,51
5,900,-0,4226,-0,1762,254,26,-109,72,256,24,-123,35
5,920,-0,4170,-0,1806,254,26,-109,72,256,21,-123,19
5,940,-0,4112,-0,1763,254,26,-109,72,256,19,-123,03
5,960,-0,4063,-0,1790,254,26,-109,72,256,17,-122,88
5,980,-0,4016,-0,1772,254,26,-109,72,256,15,-122,72
6,000,-0,3959,-0,1696,254,26,-109,72,256,13,-122,56
6,020,-0,3907,-0,1692,254,26,-109,72,256,11,-122,40
6,040,-0,3855,-0,1666,254,26,-109,72,256,08,-122,24
6,060,-0,3804,-0,1648,254,26,-109,72,256,06,-122,08
6,080,-0,3768,-0,1705,254,26,-109,72,256,04,-121,92
6,100,-0,3715,-0,1591,254,26,-109,72,256,02,-121,77
6,120,-0,3669,-0,1605,254,26,-109,72,256,00,-121,61
6,140,-0,3628,-0,1609,254,26,-109,72,255,97,-121,45
6,160,-0,3587,-0,1587,254,26,-109,72,255,95,-121,29
6,180,-0,3541,-0,1545,254,26,-109,72,255,93,-121,13
6,200,-0,3499,-0,1535,254,26,-109,72,255,91,-120,97
6,220,-0,3456,-0,1517,254,26,-109,72,255,89,-120,82
6,240,-0,3416,-0,1505,254,26,-109,72,255,86,-120,66
6,260,-0,3376,-0,1488,254,26,-109,72,255,84,-120,50
6,280,-0,3337,-0,1472,254,26,-109,72,255,82,-120,34
6,300,-0,3299,-0,1462,254,26,-109,72,255,80,-120,18
6,320,-0,3262,-0,1445,254,26,-109,72,255,77,-120,02
6,340,-0,3226,-0,1432,254,26,-109,72,255,75,-119,86
6,360,-0,3191,-0,1422,254,26,-109,72,255,73,-119,71
6,380,-0,3157,-0,1407,254,26,-109,72,255,71,-119,55
6,400,1,7305,9,5180,254,01,-104,24,255,68,-119,39
6,420,1,1778,-2,1746,254,01,-104,24,255,66,-119,23
6,440,1,3215,1,3792,254,01,-104,24,255,64,-119,07
6,460,1,2531,0,2844,254,01,-104,24,255,62,-118,91
6,480,1,2493,0,6056,254,01,-104,24,255,60,-118,76
6,500,1,2268,0,5010,254,01,-104,24,255,58,-118,60
6,520,1,2105,0,5236,254,01,-104,24,255,56,-118,44
6,540,1,1933,0,5107,254,01,-104,24,255,54,-118,28
6,560,1,1763,0,5033,254,01,-104,24,255,52,-118,12
6,580,1,1597,0,4969,254,01,-104,24,255,50,-117,96
6,600,1,1435,0,4907,254,01,-104,24,255,48,-117,80
6,620,1,1277,0,4846,254,01,-104,24,255,45,-117,64
6,640,1,1117,0,4762,254,01,-104,24,255,43,-117,49
6,660,1,0972,0,4760,254,01,-104,24,255,41,-117,33
6,680,1,0822,0,4659,254,01,-104,24,255,39,-117,17
6,700,1,0677,0,4616,254,01,-104,24,255,37,-117,01
6,720,1,0535,0,4554,254,01,-104,24,255,35,-116,85
6,740,1,0396,0,4503,254,01,-104,24,255,33,-116,69
6,760,1,0260,0,4450,254,01,-104,24,255,31,-116,53
6,780,1,0127,0,4403,254,01,-104,24,255,29,-116,37
6,800,0,9998,0,4352,254,01,-104,24,255,28,-116,22
6,820,0,9877,0,4336,254,01,-104,24,255,26,-116,06
6,840,0,9752,0,4248,254,01,-104,24,255,24,-115,90
6,860,0,9632,0,4214,254,01,-104,24,255,22,-115,74
6,880,0,9514,0,4169,254,01,-104,24,255,20,-115,58
6,900,0,9399,0,4125,254,01,-104,24,255,18,-115,42
6,920,0,9287,0,4086,254,01,-104,24,255,16,-115,26
6,940,0,9178,0,4043,254,01,-104,24,255,14,-115,10
6,960,0,9072,0,4007,254,01,-104,24,255,12,-114,95
6,980,0,8962,0,3929,254,01,-104,24,255,10,-114,79
7,000,0,8868,0,3967,254,01,-104,24,255,08,-114,63
7,020,0,8769,0,3886,254,01,-104,24,255,06,-114,47
7,040,0,8674,0,3863,254,01,-104,24,255,04,-114,31
7,060,0,8581,0,3828,254,01,-104,24,255,03,-114,15
7,080,6,6695,36,6823,255,00,-100,00,255,01,-113,99
7,100,4,5456,-8,3470,255,00,-100,00,254,99,-113,83
7,120,5,1000,5,3224,255,00,-100,00,254,98,-113,67
7,140,4,8406,1,1231,255,00,-100,00,254,96,-113,51
7,160,4,8311,2,3683,255,00,-100,00,254,95,-113,35
7,180,4,7476,1,9559,255,00,-100,00,254,94,-113,20
7,200,4,6884,2,0485,255,00,-100,00,254,92,-113,04
7,220,4,6237,1,9881,255,00,-100,00,254,91,-112,88
7,240,4,5625,1,9754,255,00,-100,00,254,90,-112,72
7,260,4,5020,1,9487,255,00,-100,00,254,89,-112,56
7,280,4,4432,1,9273,255,00,-100,00,254,88,-112,40
7,300,4,3856,1,9047,255,00,-100,00,254,87,-112,24
7,320,4,3297,1,8858,255,00,-100,00,254,86,-112,08
7,340,4,2754,1,8659,255,00,-100,00,254,84,-111,92
7,360,4,2216,1,8418,255,00,-100,00,254,84,-111,76
7,380,4,1686,1,8196,255,00,-100,00,254,83,-111,60
7,400,4,1177,1,8043,255,00,-100,00,254,82,-111,44
7,420,4,0678,1,7844,255,00,-100,00,254,81,-111,28
7,440,4,0192,1,7666,255,00,-100,00,254,80,-111,12
7,460,3,9719,1,7492,255,00,-100,00,254,79,-110,96
7,480,3,9257,1,7319,255,00,-100,00,254,78,-110,80
7,500,3,8807,1,7156,255,00,-100,00,254,77,-110,64
7,520,3,8370,1,6997,255,00,-100,00,254,77,-110,48
7,540,3,7944,1,6843,255,00,-100,00,254,76,-110,32
7,560,3,7531,1,6699,255,00,-100,00,254,75,-110,16
7,580,3,7128,1,6553,255,00,-100,00,254,75,-110,00
7,600,3,6738,1,6419,255,00,-100,00,254,74,-109,84
7,620,13,2384,72,8109,257,19,-97,24,254,73,-109,68
7,640,9,0380,-16,4827,257,19,-97,24,254,73,-109,52
7,660,10,1428,10,5956,257,19,-97,24,254,73,-109,36
7,680,9,6393,2,3020,257,19,-97,24,254,74,-109,20
7,700,9,6285,4,7605,257,19,-97,24,254,74,-109,04
7,720,9,4719,3,9525,257,19,-97,24,254,75,-108,88
7,740,9,3632,4,1384,257,19,-97,24,254,76,-108,72
7,760,9,2437,4,0243,257,19,-97,24,254,76,-108,56
7,780,9,1312,4,0031,257,19,-97,24,254,77,-108,40
7,800,9,0202,3,9552,257,19,-97,24,254,78,-108,24
7,820,8,9130,3,9202,257,19,-97,24,254,79,-108,08
7,840,8,8075,3,8763,257,19,-97,24,254,80,-107,92
7,860,8,7043,3,8365,257,19,-97,24,254,81,-107,76
7,880,8,6046,3,8039,257,19,-97,24,254,82,-107,60
7,900,8,5074,3,7674,257,19,-97,24,254,83,-107,44
7,920,8,4128,3,7335,257,19,-97,24,254,85,-107,28
7,940,8,3209,3,7007,257,19,-97,24,254,86,-107,13
7,960,8,2315,3,6689,257,19,-97,24,254,87,-106,97
7,980,20,2712,111,4916,260,22,-95,72,254,89,-106,81
8,000,13,8431,-25,2188,260,22,-95,72,254,90,-106,65
8,020,15,5396,16,2523,260,22,-95,72,254,94,-106,49
8,040,14,7719,3,5474,260,22,-95,72,254,97,-106,33
8,060,14,7591,7,3155,260,22,-95,72,255,00,-106,18
8,080,14,5227,6,0791,260,22,-95,72,255,03,-106,02
8,100,14,3600,6,3666,260,22,-95,72,255,06,-105,86
8,120,14,1806,6,1934,260,22,-95,72,255,10,-105,71
8,140,14,0119,6,1624,260,22,-95,72,255,13,-105,55
8,160,13,8456,6,0910,260,22,-95,72,255,17,-105,40
8,180,13,6840,6,0343,260,22,-95,72,255,21,-105,24
8,200,13,5265,5,9758,260,22,-95,72,255,25,-105,09
8,220,13,3727,5,9170,260,22,-95,72,255,29,-104,93
8,240,13,2237,5,8671,260,22,-95,72,255,33,-104,78
8,260,13,0786,5,8137,260,22,-95,72,255,37,-104,62
8,280,12,9377,5,7641,260,22,-95,72,255,41,-104,47
8,300,27,0769,148,9232,264,14,-95,08,255,46,-104,31
8,320,18,4745,-33,7752,264,14,-95,08,255,50,-104,16
8,340,20,7356,21,6733,264,14,-95,08,255,57,-104,01
8,360,19,7005,4,6747,264,14,-95,08,255,63,-103,87
8,380,19,6757,9,7140,264,14,-95,08,255,70,-103,72
8,400,19,3515,8,0550,264,14,-95,08,255,77,-103,58
8,420,19,1261,8,4357,264,14,-95,08,255,83,-103,43
8,440,18,8777,8,1973,264,14,-95,08,255,90,-103,29
8,460,18,6448,8,1575,264,14,-95,08,255,97,-103,14
8,480,18,4140,8,0532,264,14,-95,08,256,05,-103,00
8,500,18,1891,7,9698,264,14,-95,08,256,12,-102,86
8,520,17,9696,7,8875,264,14,-95,08,256,19,-102,72
8,540,17,7556,7,8078,264,14,-95,08,256,27,-102,58
8,560,17,5479,7,7357,264,14,-95,08,256,35,-102,44
8,580,17,3453,7,6596,264,14,-95,08,256,42,-102,30
8,600,17,1482,7,5882,264,14,-95,08,256,50,-102,16
8,620,16,9563,7,5187,264,14,-95,08,256,58,-102,02
8,640,16,7696,7,4517,264,14,-95,08,256,66,-101,88
8,660,16,5882,7,3868,264,14,-95,08,256,75,-101,74
8,680,29,6101,162,8554,269,05,-94,96,256,83,-101,61
8,700,20,1682,-37,1254,269,05,-94,96,256,91,-101,47
8,720,22,6278,23,6118,269,05,-94,96,257,02,-101,35
8,740,21,4729,4,9618,269,05,-94,96,257,12,-101,23
8,760,21,4275,10,4869,269,05,-94,96,257,23,-101,11
8,780,21,0525,8,6511,269,05,-94,96,257,33,-100,99
8,800,20,7862,9,0617,269,05,-94,96,257,44,-100,87
8,820,20,4946,8,7896,269,05,-94,96,257,55,-100,75
8,840,20,2195,8,7338,269,05,-94,96,257,65,-100,63
8,860,19,9474,8,6132,269,05,-94,96,257,76,-100,51
8,880,19,6823,8,5156,269,05,-94,96,257,87,-100,40
8,900,19,4228,8,4142,269,05,-94,96,257,99,-100,28
8,920,19,1694,8,3176,269,05,-94,96,258,10,-100,17
8,940,18,9217,8,2225,269,05,-94,96,258,21,-100,06
8,960,18,6798,8,1302,269,05,-94,96,258,33,-99,95
8,980,18,4435,8,0405,269,05,-94,96,258,44,-99,84
9,000,18,2133,7,9557,269,05,-94,96,258,56,-99,73
9,020,17,9875,7,8646,269,05,-94,96,258,68,-99,62
9,040,17,7680,7,7867,269,05,-94,96,258,80,-99,51
9,060,17,5542,7,7080,269,05,-94,96,258,92,-99,40
9,080,17,3446,7,6243,269,05,-94,96,259,04,-99,30
9,100,17,1412,7,5535,269,05,-94,96,259,16,-99,20
9,120,16,9428,7,4791,269,05,-94,96,259,28,-99,09
9,140,16,7501,7,4118,269,05,-94,96,259,40,-98,99
9,160,16,5625,7,3429,269,05,-94,96,259,53,-98,89
9,180,16,3794,7,2745,269,05,-94,96,259,65,-98,79
9,200,16,2011,7,2091,269,05,-94,96,259,78,-98,69
9,220,24,2973,133,6354,275,00,-95,00,259,90,-98,59
9,240,16,5246,-30,6015,275,00,-95,00,260,03,-98,49
9,260,18,5322,19,3043,275,00,-95,00,260,17,-98,41
9,280,17,5673,3,9593,275,00,-95,00,260,30,-98,33
9,300,17,5153,8,4974,275,00,-95,00,260,44,-98,25
9,320,17,1924,6,9815,275,00,-95,00,260,58,-98,17
9,340,16,9589,7,3123,275,00,-95,00,260,72,-98,09
9,360,16,7051,7,0837,275,00,-95,00,260,86,-98,01
9,380,16,4644,7,0282,275,00,-95,00,261,00,-97,93
9,400,16,2263,6,9227,275,00,-95,00,261,14,-97,86
9,420,15,9939,6,8351,275,00,-95,00,261,28,-97,78
9,440,15,7663,6,7449,275,00,-95,00,261,42,-97,71
9,460,15,5437,6,6592,275,00,-95,00,261,57,-97,64
9,480,15,3257,6,5726,275,00,-95,00,261,71,-97,56
9,500,15,1126,6,4909,275,00,-95,00,261,85,-97,49
9,520,14,9038,6,4081,275,00,-95,00,262,00,-97,42
9,540,14,6997,6,3291,275,00,-95,00,262,14,-97,35
9,560,14,5000,6,2515,275,00,-95,00,262,29,-97,29
9,580,14,3049,6,1769,275,00,-95,00,262,43,-97,22
9,600,14,1139,6,1020,275,00,-95,00,262,58,-97,15
9,620,13,9275,6,0316,275,00,-95,00,262,72,-97,09
9,640,13,7452,5,9612,275,00,-95,00,262,87,-97,03
9,660,13,5671,5,8929,275,00,-95,00,263,02,-96,96
9,680,13,3930,5,8265,275,00,-95,00,263,16,-96,90
9,700,13,2229,5,7608,275,00,-95,00,263,31,-96,84
9,720,13,0568,5,6979,275,00,-95,00,263,46,-96,78
9,740,12,8947,5,6369,275,00,-95,00,263,61,-96,72
9,760,12,7367,5,5781,275,00,-95,00,263,76,-96,66
9,780,12,5823,5,5192,275,00,-95,00,263,91,-96,60
9,800,12,4318,5,4636,275,00,-95,00,264,05,-96,55
9,820,12,2851,5,4088,275,00,-95,00,264,20,-96,49
9,840,12,1422,5,3566,275,00,-95,00,264,35,-96,43
9,860,12,0029,5,3053,275,00,-95,00,264,51,-96,38
9,880,11,8674,5,2562,275,00,-95,00,264,66,-96,33
9,900,11,7356,5,2085,275,00,-95,00,264,81,-96,27
9,920,11,6074,5,1628,275,00,-95,00,264,96,-96,22
9,940,11,4829,5,1187,275,00,-95,00,265,11,-96,17
9,960,14,0003,77,0015,282,16,-94,96,265,26,-96,12
9,980,9,5123,-17,6834,282,16,-94,96,265,41,-96,07
10,000,10,6645,11,0929,282,16,-94,96,265,57,-96,04
10,020,10,1019,2,2383,282,16,-94,96,265,73,-96,00
10,040,10,0662,4,8546,282,16,-94,96,265,88,-95,96
10,060,9,8742,3,9770,282,16,-94,96,266,04,-95,92
10,080,9,7339,4,1653,282,16,-94,96,266,19,-95,88
10,100,9,5819,4,0308,282,16,-94,96,266,35,-95,85
10,120,9,4373,3,9957,282,16,-94,96,266,50,-95,81
10,140,9,2944,3,9327,282,16,-94,96,266,66,-95,78
10,160,9,1548,3,8794,282,16,-94,96,266,82,-95,74
10,180,9,0180,3,8250,282,16,-94,96,266,97,-95,71
10,200,8,8839,3,7719,282,16,-94,96,267,13,-95,68
10,220,8,7527,3,7203,282,16,-94,96,267,29,-95,64
10,240,8,6243,3,6697,282,16,-94,96,267,44,-95,61
10,260,8,4984,3,6201,282,16,-94,96,267,60,-95,58
10,280,8,3752,3,5714,282,16,-94,96,267,76,-95,55
10,300,8,2546,3,5241,282,16,-94,96,267,91,-95,52
10,320,8,1365,3,4778,282,16,-94,96,268,07,-95,49
10,340,8,0209,3,4324,282,16,-94,96,268,23,-95,46
10,360,7,9077,3,3881,282,16,-94,96,268,39,-95,44
10,380,7,7970,3,3449,282,16,-94,96,268,54,-95,41
10,400,7,6887,3,3027,282,16,-94,96,268,70,-95,38
10,420,7,5827,3,2613,282,16,-94,96,268,86,-95,36
10,440,7,4790,3,2213,282,16,-94,96,269,02,-95,33
10,460,7,3776,3,1817,282,16,-94,96,269,17,-95,30
10,480,7,1658,2,5238,282,16,-94,96,269,31,-95,27
10,500,6,2724,-1,3310,282,16,-94,96,269,35,-95,22
10,520,5,3507,-1,9328,282,16,-94,96,269,37,-95,16
10,540,4,3355,-2,9085,282,16,-94,96,269,39,-95,10
10,560,3,4174,-2,8815,282,16,-94,96,269,41,-95,04
10,580,2,7906,-1,7390,282,16,-94,96,269,42,-95,00
10,600,2,2638,-1,5022,282,16,-94,96,269,43,-94,97
10,620,1,9324,-0,6904,282,16,-94,96,269,43,-94,95
10,640,1,7394,-0,0955,282,16,-94,96,269,44,-94,94
10,660,1,6227,0,2278,282,16,-94,96,269,44,-94,94
10,680,1,5519,0,4219,282,16,-94,96,269,44,-94,94
10,700,1,5080,0,5346,282,16,-94,96,269,44,-94,93
10,720,1,4798,0,5987,282,16,-94,96,269,44,-94,93
10,740,1,4606,0,6344,282,16,-94,96,269,44,-94,94
10,760,1,4468,0,6543,282,16,-94,96,269,44,-94,94
10,780,1,4364,0,6661,282,16,-94,96,269,44,-94,94
10,800,1,4276,0,6702,282,16,-94,96,269,44,-94,94
10,820,1,4199,0,6713,282,16,-94,96,269,44,-94,94
10,840,1,4128,0,6708,282,16,-94,96,269,44,-94,94
10,860,1,4061,0,6695,282,16,-94,96,269,44,-94,94
10,880,1,3996,0,6673,282,16,-94,96,269,44,-94,94
10,900,1,3932,0,6648,282,16,-94,96,269,44,-94,95
10,920,1,3872,0,6634,282,16,-94,96,269,44,-94,95
10,940,1,3811,0,6600,282,16,-94,96,269,44,-94,95
10,960,1,3751,0,6580,282,16,-94,96,269,44,-94,95
10,980,1,3690,0,6537,282,16,-94,96,269,44,-94,95
11,000,1,3629,0,6512,282,16,-94,96,269,44,-94,95
11,020,1,3572,0,6500,282,16,-94,96,269,44,-94,95
11,040,1,3514,0,6465,282,16,-94,96,269,44,-94,96
11,060,1,3454,0,6427,282,16,-94,96,269,44,-94,96
11,080,1,3396,0,6409,282,16,-94,96,269,44,-94,96
11,100,1,3336,0,6369,282,16,-94,96,269,44,-94,96
11,120,1,3275,0,6333,282,16,-94,96,269,44,-94,96
11,140,1,3220,0,6334,282,16,-94,96,269,44,-94,96
11,160,1,3161,0,6287,282,16,-94,96,269,44,-94,96
11,180,1,3102,0,6252,282,16,-94,96,269,44,-94,96
11,200,1,3044,0,6234,282,16,-94,96,269,44,-94,97
11,220,1,2986,0,6201,282,16,-94,96,269,44,-94,97
11,240,1,2929,0,6183,282,16,-94,96,269,44,-94,97
11,260,1,2872,0,6152,282,16,-94,96,269,44,-94,97
11,280,1,2817,0,6133,282,16,-94,96,269,44,-94,97
11,300,1,2760,0,6092,282,16,-94,96,269,44,-94,97
11,320,1,2703,0,6067,282,16,-94,96,269,44,-94,97
11,340,1,2649,0,6057,282,16,-94,96,269,44,-94,98
11,360,1,2593,0,6015,282,16,-94,96,269,44,-94,98
11,380,1,2540,0,6003,282,16,-94,96,269,44,-94,98
11,400,1,2485,0,5970,282,16,-94,96,269,44,-94,98
11,420,1,2429,0,5933,282,16,-94,96,269,44,-94,98
11,440,1,2375,0,5917,282,16,-94,96,269,44,-94,98
11,460,1,2322,0,5895,282,16,-94,96,269,44,-94,98
11,480,1,2268,0,5864,282,16,-94,96,269,44,-94,98
11,500,1,2215,0,5843,282,16,-94,96,269,44,-94,99
11,520,1,2161,0,5811,282,16,-94,96,269,44,-94,99
11,540,1,2107,0,5783,282,16,-94,96,269,44,-94,99
11,560,1,2055,0,5766,282,16,-94,96,269,44,-94,99
11,580,1,2000,0,5728,282,16,-94,96,269,44,-94,99
11,600,1,1950,0,5723,282,16,-94,96,269,44,-94,99
11,620,1,1898,0,5689,282,16,-94,96,269,44,-94,99
11,640,1,1845,0,5656,282,16,-94,96,269,44,-94,99
11,660,1,1793,0,5640,282,16,-94,96,269,44,-94,99
11,680,1,1741,0,5610,282,16,-94,96,269,44,-95,00
11,700,1,1693,0,5604,282,16,-94,96,269,44,-95,00
11,720,1,1642,0,5566,282,16,-94,96,269,44,-95,00
11,740,1,1590,0,5538,282,16,-94,96,269,44,-95,00
11,760,1,1537,0,5502,282,16,-94,96,269,44,-95,00
11,780,1,1486,0,5488,282,16,-94,96,269,44,-95,00
11,800,1,1438,0,5477,282,16,-94,96,269,44,-95,00
11,820,1,1385,0,5428,282,16,-94,96,269,44,-95,00
11,840,1,1335,0,5418,282,16,-94,96,269,44,-95,01
11,860,1,1287,0,5406,282,16,-94,96,269,44,-95,01
11,880,1,1245,0,5411,282,16,-94,96,269,44,-95,01
11,900,1,0936,0,3924,282,16,-94,96,269,46,-95,01
11,920,1,0762,0,4511,282,16,-94,96,269,53,-95,01
11,940,1,0651,0,4768,282,16,-94,96,269,72,-95,00
11,960,1,0528,0,4651,282,16,-94,96,269,92,-95,00
11,980,1,0408,0,4601,282,16,-94,96,270,12,-94,99
12,000,1,0285,0,4529,282,16,-94,96,270,32,-94,99
12,020,1,0160,0,4456,282,16,-94,96,270,52,-94,99
12,040,1,0034,0,4388,282,16,-94,96,270,72,-94,98
12,060,0,9907,0,4317,282,16,-94,96,270,92,-94,98
12,080,1,0013,0,5539,282,16,-94,96,271,32,-94,97
12,100,1,0064,0,5287,282,16,-94,96,271,72,-94,97
12,120,1,0148,0,5491,282,16,-94,96,272,12,-94,96
12,140,1,0239,0,5576,282,16,-94,96,272,52,-94,95
12,160,1,3806,7,5934,290,48,-95,08,272,92,-94,94
12,180,0,9572,-1,6386,290,48,-95,08,273,32,-94,94
12,200,1,0783,1,1449,290,48,-95,08,273,72,-94,93
12,220,1,0360,0,3063,290,48,-95,08,274,12,-94,93
12,240,1,0436,0,5597,290,48,-95,08,274,52,-94,93
12,260,1,0368,0,4846,290,48,-95,08,274,92,-94,92
12,280,1,0351,0,5089,290,48,-95,08,275,32,-94,92
12,300,1,0326,0,5037,290,48,-95,08,275,72,-94,92
12,320,1,0311,0,5083,290,48,-95,08,276,12,-94,91
12,340,1,0302,0,5103,290,48,-95,08,276,52,-94,91
12,360,1,0299,0,5138,290,48,-95,08,276,92,-94,91
12,380,1,0304,0,5176,290,48,-95,08,277,32,-94,91
12,400,1,0316,0,5221,290,48,-95,08,277,72,-94,91
12,420,1,0337,0,5270,290,48,-95,08,278,12,-94,90
12,440,1,0366,0,5331,290,48,-95,08,278,52,-94,90
12,460,1,0405,0,5397,290,48,-95,08,278,92,-94,90
12,480,1,0454,0,5471,290,48,-95,08,279,32,-94,90
12,500,1,0515,0,5559,290,48,-95,08,279,72,-94,90
12,520,1,0587,0,5656,290,48,-95,08,280,12,-94,90
12,540,1,0673,0,5765,290,48,-95,08,280,52,-94,90
12,560,2,4897,13,6934,299,72,-95,72,280,92,-94,90
12,580,1,7221,-2,9767,299,72,-95,72,281,32,-94,90
12,600,1,9390,2,0537,299,72,-95,72,281,72,-94,90
12,620,1,8598,0,5341,299,72,-95,72,282,12,-94,91
12,640,1,8710,0,9912,299,72,-95,72,282,52,-94,91
12,660,1,8560,0,8531,299,72,-95,72,282,92,-94,92
12,680,1,8500,0,8952,299,72,-95,72,283,32,-94,93
12,700,1,8425,0,8837,299,72,-95,72,283,72,-94,93
12,720,1,8367,0,8892,299,72,-95,72,284,12,-94,94
12,740,1,8316,0,8904,299,72,-95,72,284,52,-94,95
12,760,1,8276,0,8938,299,72,-95,72,284,92,-94,95
12,780,1,8247,0,8977,299,72,-95,72,285,32,-94,96
12,800,1,8229,0,9023,299,72,-95,72,285,72,-94,97
12,820,1,8222,0,9078,299,72,-95,72,286,12,-94,98
12,840,1,8228,0,9145,299,72,-95,72,286,52,-94,99
12,860,1,8248,0,9225,299,72,-95,72,286,92,-95,00
12,880,1,8283,0,9313,299,72,-95,72,287,32,-95,01
12,900,1,8332,0,9414,299,72,-95,72,287,72,-95,02
12,920,1,8398,0,9530,299,72,-95,72,288,12,-95,03
12,940,1,8482,0,9661,299,72,-95,72,288,52,-95,04
12,960,1,8585,0,9807,299,72,-95,72,288,92,-95,05
12,980,1,8710,0,9980,299,72,-95,72,289,32,-95,06
13,000,1,8858,1,0169,299,72,-95,72,289,72,-95,07
13,020,1,9032,1,0385,299,72,-95,72,290,12,-95,09
13,040,4,4536,24,4949,309,64,-97,24,290,52,-95,10
13,060,3,0784,-5,3370,309,64,-97,24,290,92,-95,11
13,080,3,4653,3,6675,309,64,-97,24,291,32,-95,14
13,100,3,3221,0,9448,309,64,-97,24,291,72,-95,16
13,120,3,3407,1,7633,309,64,-97,24,292,12,-95,18
13,140,3,3123,1,5145,309,64,-97,24,292,52,-95,21
13,160,3,3001,1,5887,309,64,-97,24,292,92,-95,23
13,180,3,2850,1,5670,309,64,-97,24,293,32,-95,25
13,200,3,2728,1,5756,309,64,-97,24,293,71,-95,28
13,220,3,2619,1,5764,309,64,-97,24,294,11,-95,31
13,240,3,2528,1,5812,309,64,-97,24,294,51,-95,33
13,260,3,2456,1,5864,309,64,-97,24,294,91,-95,36
13,280,3,2402,1,5932,309,64,-97,24,295,31,-95,39
13,300,3,2368,1,6014,309,64,-97,24,295,71,-95,42
13,320,3,2355,1,6114,309,64,-97,24,296,11,-95,45
13,340,3,2363,1,6221,309,64,-97,24,296,51,-95,48
13,360,3,2397,1,6366,309,64,-97,24,296,91,-95,51
13,380,3,2456,1,6527,309,64,-97,24,297,31,-95,54
13,400,3,2541,1,6697,309,64,-97,24,297,70,-95,57
13,420,3,2656,1,6900,309,64,-97,24,298,10,-95,60
13,440,3,2802,1,7131,309,64,-97,24,298,50,-95,64
13,460,3,2982,1,7391,309,64,-97,24,298,90,-95,67
13,480,3,3200,1,7690,309,64,-97,24,299,30,-95,71
13,500,3,3459,1,8023,309,64,-97,24,299,70,-95,74
13,520,3,3762,1,8401,309,64,-97,24,300,09,-95,78
13,540,6,6667,36,6666,320,00,-100,00,300,49,-95,82
13,560,4,6027,-8,0183,320,00,-100,00,300,89,-95,85
13,580,5,1799,5,4755,320,00,-100,00,301,29,-95,91
13,600,4,9616,1,3897,320,00,-100,00,301,68,-95,96
13,620,4,9862,2,6160,320,00,-100,00,302,08,-96,01
13,640,4,9402,2,2399,320,00,-100,00,302,48,-96,06
13,660,4,9182,2,3490,320,00,-100,00,302,87,-96,12
13,680,4,8917,2,3135,320,00,-100,00,303,27,-96,17
13,700,4,8695,2,3237,320,00,-100,00,303,67,-96,23
13,720,4,8489,2,3218,320,00,-100,00,304,06,-96,28
13,740,4,8310,2,3256,320,00,-100,00,304,46,-96,34
13,760,4,8154,2,3300,320,00,-100,00,304,85,-96,40
13,780,4,8024,2,3362,320,00,-100,00,305,25,-96,46
13,800,4,7921,2,3447,320,00,-100,00,305,64,-96,52
13,820,4,7847,2,3550,320,00,-100,00,306,04,-96,58
13,840,4,7801,2,3674,320,00,-100,00,306,44,-96,64
13,860,4,7788,2,3824,320,00,-100,00,306,83,-96,71
13,880,4,7807,2,4001,320,00,-100,00,307,22,-96,77
13,900,4,7862,2,4205,320,00,-100,00,307,62,-96,84
13,920,4,7952,2,4426,320,00,-100,00,308,01,-96,90
13,940,4,8088,2,4722,320,00,-100,00,308,41,-96,97
13,960,4,8263,2,5009,320,00,-100,00,308,80,-97,04
13,980,4,8487,2,5361,320,00,-100,00,309,20,-97,11
14,000,4,8761,2,5752,320,00,-100,00,309,59,-97,18
14,020,4,9091,2,6197,320,00,-100,00,309,98,-97,25
14,040,4,9483,2,6701,320,00,-100,00,310,38,-97,32
14,060,8,4386,46,4124,330,88,-104,40,310,77,-97,40
14,080,5,8148,-10,2117,330,88,-104,40,311,16,-97,47
14,100,6,5407,6,9000,330,88,-104,40,311,55,-97,56
14,120,6,2566,1,7075,330,88,-104,40,311,94,-97,65
14,140,6,2808,3,2619,330,88,-104,40,312,33,-97,75
14,160,6,2152,2,7795,330,88,-104,40,312,72,-97,84
14,180,6,1795,2,9110,330,88,-104,40,313,11,-97,93
14,200,6,1381,2,8620,330,88,-104,40,313,50,-98,03
14,220,6,1016,2,8686,330,88,-104,40,313,89,-98,13
14,240,6,0670,2,8604,330,88,-104,40,314,27,-98,22
14,260,6,0351,2,8579,330,88,-104,40,314,66,-98,32
14,280,6,0060,2,8575,330,88,-104,40,315,05,-98,42
14,300,5,9796,2,8581,330,88,-104,40,315,43,-98,52
14,320,5,9562,2,8608,330,88,-104,40,315,82,-98,63
14,340,5,9357,2,8654,330,88,-104,40,316,21,-98,73
14,360,5,9187,2,8743,330,88,-104,40,316,59,-98,83
14,380,5,9045,2,8813,330,88,-104,40,316,98,-98,94
14,400,5,8938,2,8935,330,88,-104,40,317,37,-99,05
14,420,5,8867,2,9076,330,88,-104,40,317,75,-99,16
14,440,5,8833,2,9247,330,88,-104,40,318,13,-99,27
14,460,5,8839,2,9449,330,88,-104,40,318,52,-99,38
14,480,5,8887,2,9685,330,88,-104,40,318,90,-99,49
14,500,5,8980,2,9955,330,88,-104,40,319,29,-99,60
14,520,5,9121,3,0267,330,88,-104,40,319,67,-99,72
14,540,5,9314,3,0622,330,88,-104,40,320,05,-99,83
14,560,5,9563,3,1026,330,88,-104,40,320,44,-99,95
14,580,5,9872,3,1480,330,88,-104,40,320,82,-100,07
14,600,6,0247,3,2000,330,88,-104,40,321,20,-100,18
14,620,6,0694,3,2584,330,88,-104,40,321,58,-100,30
14,640,6,1222,3,3248,330,88,-104,40,321,96,-100,43
14,660,7,5552,41,5535,342,44,-110,20,322,34,-100,55
14,680,5,1999,-9,1767,342,44,-110,20,322,72,-100,67
14,700,5,8474,6,1613,342,44,-110,20,323,10,-100,81
14,720,5,5884,1,4991,342,44,-110,20,323,47,-100,95
14,740,5,6062,2,8923,342,44,-110,20,323,85,-101,09
14,760,5,5429,2,4551,342,44,-110,20,324,22,-101,23
14,780,5,5068,2,5728,342,44,-110,20,324,60,-101,37
14,800,5,4652,2,5244,342,44,-110,20,324,97,-101,51
14,820,5,4279,2,5278,342,44,-110,20,325,35,-101,66
14,840,5,3921,2,5169,342,44,-110,20,325,72,-101,80
14,860,5,3587,2,5123,342,44,-110,20,326,09,-101,95
14,880,5,3274,2,5072,342,44,-110,20,326,46,-102,09
14,900,5,2985,2,5045,342,44,-110,20,326,84,-102,24
14,920,5,2722,2,5047,342,44,-110,20,327,21,-102,39
14,940,5,2474,2,5000,342,44,-110,20,327,58,-102,54
14,960,5,2259,2,5050,342,44,-110,20,327,95,-102,69
14,980,5,2063,2,5055,342,44,-110,20,328,32,-102,84
15,000,5,1899,2,5129,342,44,-110,20,328,69,-102,99
15,020,5,1757,2,5169,342,44,-110,20,329,06,-103,14
15,040,5,1651,2,5293,342,44,-110,20,329,43,-103,30
15,060,5,1573,2,5397,342,44,-110,20,329,80,-103,45
15,080,5,1527,2,5537,342,44,-110,20,330,17,-103,61
15,100,5,1516,2,5702,342,44,-110,20,330,53,-103,76
15,120,5,1541,2,5893,342,44,-110,20,330,90,-103,92
15,140,5,1604,2,6117,342,44,-110,20,331,27,-104,08
15,160,5,1707,2,6372,342,44,-110,20,331,63,-104,24
15,180,5,1855,2,6663,342,44,-110,20,332,00,-104,40
15,200,5,2049,2,6999,342,44,-110,20,332,37,-104,56
15,220,5,2295,2,7377,342,44,-110,20,332,73,-104,73
15,240,5,2595,2,7796,342,44,-110,20,333,10,-104,89
15,260,5,2957,2,8289,342,44,-110,20,333,46,-105,06
15,280,5,3392,2,8871,342,44,-110,20,333,83,-105,22
15,300,4,3978,24,1878,354,56,-116,80,334,19,-105,39
15,320,3,0228,-5,3636,354,56,-116,80,334,55,-105,56
15,340,3,3982,3,5761,354,56,-116,80,334,91,-105,73
15,360,3,2450,0,8563,354,56,-116,80,335,27,-105,91
15,380,3,2532,1,6679,354,56,-116,80,335,63,-106,09
15,400,3,2140,1,4112,354,56,-116,80,335,99,-106,26
15,420,3,1907,1,4786,354,56,-116,80,336,35,-106,44
15,440,3,1640,1,4487,354,56,-116,80,336,70,-106,62
15,460,3,1399,1,4491,354,56,-116,80,337,06,-106,80
15,480,3,1164,1,4411,354,56,-116,80,337,42,-106,98
15,500,3,0943,1,4367,354,56,-116,80,337,78,-107,16
15,520,3,0734,1,4318,354,56,-116,80,338,13,-107,34
15,540,3,0537,1,4285,354,56,-116,80,338,49,-107,52
15,560,3,0352,1,4254,354,56,-116,80,338,85,-107,70
15,580,3,0181,1,4232,354,56,-116,80,339,20,-107,88
15,600,3,0022,1,4217,354,56,-116,80,339,56,-108,06
15,620,2,9873,1,4189,354,56,-116,80,339,91,-108,25
15,640,2,9747,1,4244,354,56,-116,80,340,27,-108,43
15,660,2,9628,1,4219,354,56,-116,80,340,63,-108,61
15,680,2,9526,1,4256,354,56,-116,80,340,98,-108,80
15,700,2,9439,1,4285,354,56,-116,80,341,34,-108,98
15,720,2,9369,1,4333,354,56,-116,80,341,69,-109,17
15,740,2,9311,1,4363,354,56,-116,80,342,04,-109,35
15,760,2,9276,1,4467,354,56,-116,80,342,40,-109,54
15,780,2,9258,1,4540,354,56,-116,80,342,75,-109,73
15,800,2,9267,1,4674,354,56,-116,80,343,10,-109,92
15,820,2,9289,1,4756,354,56,-116,80,343,46,-110,10
15,840,2,9335,1,4900,354,56,-116,80,343,81,-110,29
15,860,2,9406,1,5053,354,56,-116,80,344,16,-110,48
15,880,2,9501,1,5230,354,56,-116,80,344,51,-110,67
15,900,2,9630,1,5456,354,56,-116,80,344,87,-110,86
15,920,2,9782,1,5654,354,56,-116,80,345,22,-111,05
15,940,2,9969,1,5921,354,56,-116,80,345,57,-111,25
15,960,3,0193,1,6212,354,56,-116,80,345,92,-111,44
15,980,3,0448,1,6498,354,56,-116,80,346,27,-111,63
16,000,0,8735,4,8042,367,12,-123,60,346,62,-111,82
16,020,0,6000,-1,0675,367,12,-123,60,346,97,-112,02
16,040,0,6745,0,7099,367,12,-123,60,347,32,-112,21
16,060,0,6440,0,1692,367,12,-123,60,347,67,-112,41
16,080,0,6458,0,3322,367,12,-123,60,348,02,-112,60
16,100,0,6378,0,2790,367,12,-123,60,348,37,-112,80
16,120,0,6331,0,2928,367,12,-123,60,348,71,-113,00
16,140,0,6277,0,2869,367,12,-123,60,349,06,-113,19
16,160,0,6228,0,2869,367,12,-123,60,349,41,-113,39
16,180,0,6180,0,2852,367,12,-123,60,349,76,-113,58
16,200,0,6135,0,2842,367,12,-123,60,350,11,-113,78
16,220,0,6089,0,2811,367,12,-123,60,350,46,-113,98
16,240,0,6049,0,2828,367,12,-123,60,350,81,-114,17
16,260,0,6011,0,2813,367,12,-123,60,351,15,-114,37
16,280,0,5975,0,2810,367,12,-123,60,351,50,-114,57
16,300,0,5940,0,2793,367,12,-123,60,351,85,-114,76
16,320,0,5910,0,2805,367,12,-123,60,352,20,-114,96
16,340,0,5882,0,2800,367,12,-123,60,352,55,-115,16
16,360,0,5853,0,2782,367,12,-123,60,352,90,-115,35
16,380,0,5835,0,2830,367,12,-123,60,353,24,-115,55
16,400,0,5819,0,2830,367,12,-123,60,353,59,-115,75
16,420,0,5802,0,2816,367,12,-123,60,353,94,-115,94
16,440,0,5790,0,2832,367,12,-123,60,354,29,-116,14
16,460,0,5786,0,2876,367,12,-123,60,354,64,-116,34
16,480,0,5779,0,2851,367,12,-123,60,354,98,-116,54
16,500,0,5777,0,2880,367,12,-123,60,355,33,-116,73
16,520,0,5778,0,2897,367,12,-123,60,355,68,-116,93
16,540,0,5784,0,2921,367,12,-123,60,356,03,-117,13
16,560,0,5795,0,2951,367,12,-123,60,356,37,-117,33
16,580,0,5810,0,2981,367,12,-123,60,356,72,-117,53
16,600,0,5831,0,3019,367,12,-123,60,357,07,-117,72
16,620,0,5857,0,3058,367,12,-123,60,357,42,-117,92
16,640,0,5889,0,3107,367,12,-123,60,357,76,-118,12
16,660,0,5928,0,3158,367,12,-123,60,358,11,-118,32
16,680,0,5982,0,3261,367,12,-123,60,358,46,-118,52
16,700,0,6035,0,3281,367,12,-123,60,358,81,-118,72
16,720,-1,8421,-10,1315,380,00,-130,00,359,15,-118,92
16,740,-1,2660,2,2477,380,00,-130,00,359,50,-119,12
16,760,-1,4230,-1,4969,380,00,-130,00,359,85,-119,31
16,780,-1,3586,-0,3572,380,00,-130,00,360,20,-119,51
16,800,-1,3619,-0,6972,380,00,-130,00,360,55,-119,70
16,820,-1,3455,-0,5911,380,00,-130,00,360,89,-119,90
16,840,-1,3351,-0,6155,380,00,-130,00,361,24,-120,09
16,860,-1,3239,-0,6056,380,00,-130,00,361,59,-120,29
16,880,-1,3131,-0,6026,380,00,-130,00,361,94,-120,48
16,900,-1,3032,-0,6020,380,00,-130,00,362,29,-120,68
16,920,-1,2936,-0,5991,380,00,-130,00,362,64,-120,87
16,940,-1,2846,-0,5972,380,00,-130,00,362,99,-121,07
16,960,-1,2761,-0,5955,380,00,-130,00,363,34,-121,26
16,980,-1,2677,-0,5921,380,00,-130,00,363,69,-121,45
17,000,-1,2604,-0,5933,380,00,-130,00,364,04,-121,65
17,020,-1,2530,-0,5898,380,00,-130,00,364,39,-121,84
17,040,-1,2467,-0,5920,380,00,-130,00,364,74,-122,03
17,060,-1,2405,-0,5890,380,00,-130,00,365,09,-122,23
17,080,-1,2354,-0,5920,380,00,-130,00,365,44,-122,42
17,100,-1,2311,-0,5941,380,00,-130,00,365,79,-122,61
17,120,-1,2270,-0,5929,380,00,-130,00,366,15,-122,80
17,140,-1,2241,-0,5977,380,00,-130,00,366,50,-122,99
17,160,-1,2213,-0,5966,380,00,-130,00,366,85,-123,19
17,180,-1,2194,-0,6003,380,00,-130,00,367,20,-123,38
17,200,-1,2182,-0,6031,380,00,-130,00,367,55,-123,57
17,220,-1,2178,-0,6070,380,00,-130,00,367,90,-123,76
17,240,-1,2183,-0,6115,380,00,-130,00,368,25,-123,95
17,260,-1,2196,-0,6166,380,00,-130,00,368,60,-124,14
17,280,-1,2220,-0,6226,380,00,-130,00,368,96,-124,33
17,300,-1,2253,-0,6292,380,00,-130,00,369,31,-124,52
17,320,-1,2297,-0,6372,380,00,-130,00,369,66,-124,71
17,340,-1,2354,-0,6460,380,00,-130,00,370,01,-124,90
17,360,-1,2424,-0,6560,380,00,-130,00,370,36,-125,09
17,380,-1,2513,-0,6704,380,00,-130,00,370,72,-125,28
17,400,-1,2610,-0,6792,380,00,-130,00,371,07,-125,47
17,420,-1,2728,-0,6952,380,00,-130,00,371,42,-125,66
17,440,-3,0694,-16,8814,393,20,-135,84,371,77,-125,85
17,460,-2,1093,3,7458,393,20,-135,84,372,13,-126,04
17,480,-2,3709,-2,4939,393,20,-135,84,372,48,-126,22
17,500,-2,2635,-0,5948,393,20,-135,84,372,84,-126,40
17,520,-2,2689,-1,1615,393,20,-135,84,373,19,-126,58
17,540,-2,2414,-0,9832,393,20,-135,84,373,55,-126,77
17,560,-2,2247,-1,0284,393,20,-135,84,373,91,-126,95
17,580,-2,2056,-1,0077,393,20,-135,84,374,26,-127,13
17,600,-2,1886,-1,0091,393,20,-135,84,374,62,-127,31
17,620,-2,1720,-1,0031,393,20,-135,84,374,98,-127,49
17,640,-2,1561,-0,9982,393,20,-135,84,375,33,-127,67
17,660,-2,1409,-0,9949,393,20,-135,84,375,69,-127,85
17,680,-2,1267,-0,9919,393,20,-135,84,376,05,-128,03
17,700,-2,1129,-0,9878,393,20,-135,84,376,41,-128,21
17,720,-2,1002,-0,9863,393,20,-135,84,376,76,-128,39
17,740,-2,0883,-0,9847,393,20,-135,84,377,12,-128,57
17,760,-2,0776,-0,9854,393,20,-135,84,377,48,-128,74
17,780,-2,0678,-0,9848,393,20,-135,84,377,84,-128,92
17,800,-2,0590,-0,9855,393,20,-135,84,378,20,-129,10
17,820,-2,0512,-0,9866,393,20,-135,84,378,56,-129,28
17,840,-2,0444,-0,9882,393,20,-135,84,378,92,-129,45
17,860,-2,0387,-0,9910,393,20,-135,84,379,27,-129,63
17,880,-2,0342,-0,9945,393,20,-135,84,379,63,-129,80
17,900,-2,0308,-0,9985,393,20,-135,84,379,99,-129,98
17,920,-2,0287,-1,0039,393,20,-135,84,380,35,-130,16
17,940,-2,0279,-1,0100,393,20,-135,84,380,71,-130,33
17,960,-2,0285,-1,0172,393,20,-135,84,381,07,-130,50
17,980,-2,0306,-1,0257,393,20,-135,84,381,43,-130,68
18,000,-2,0343,-1,0356,393,20,-135,84,381,79,-130,85
18,020,-2,0397,-1,0468,393,20,-135,84,382,15,-131,03
18,040,-2,0469,-1,0595,393,20,-135,84,382,51,-131,20
18,060,-2,0560,-1,0737,393,20,-135,84,382,88,-131,37
18,080,-2,0674,-1,0904,393,20,-135,84,383,24,-131,54
18,100,-2,0810,-1,1088,393,20,-135,84,383,60,-131,71
18,120,-2,0973,-1,1297,393,20,-135,84,383,96,-131,89
18,140,-2,1164,-1,1539,393,20,-135,84,384,32,-132,06
18,160,-2,3383,-12,8605,406,80,-141,52,384,68,-132,23
18,180,-1,6063,2,8568,406,80,-141,52,385,05,-132,40
18,200,-1,8054,-1,8982,406,80,-141,52,385,41,-132,56
18,220,-1,7232,-0,4506,406,80,-141,52,385,77,-132,73
18,240,-1,7271,-0,8834,406,80,-141,52,386,14,-132,89
18,260,-1,7053,-0,7435,406,80,-141,52,386,50,-133,06
18,280,-1,6923,-0,7811,406,80,-141,52,386,87,-133,22
18,300,-1,6774,-0,7641,406,80,-141,52,387,23,-133,39
18,320,-1,6639,-0,7648,406,80,-141,52,387,60,-133,55
18,340,-1,6506,-0,7588,406,80,-141,52,387,96,-133,72
18,360,-1,6381,-0,7565,406,80,-141,52,388,33,-133,88
18,380,-1,6262,-0,7534,406,80,-141,52,388,69,-134,04
18,400,-1,6149,-0,7509,406,80,-141,52,389,06,-134,21
18,420,-1,6042,-0,7488,406,80,-141,52,389,42,-134,37
18,440,-1,5942,-0,7468,406,80,-141,52,389,79,-134,53
18,460,-1,5848,-0,7455,406,80,-141,52,390,15,-134,69
18,480,-1,5761,-0,7448,406,80,-141,52,390,52,-134,85
18,500,-1,5681,-0,7439,406,80,-141,52,390,88,-135,02
18,520,-1,5608,-0,7439,406,80,-141,52,391,25,-135,18
18,540,-1,5542,-0,7443,406,80,-141,52,391,62,-135,34
18,560,-1,5485,-0,7455,406,80,-141,52,391,98,-135,50
18,580,-1,5434,-0,7463,406,80,-141,52,392,35,-135,66
18,600,-1,5392,-0,7487,406,80,-141,52,392,72,-135,82
18,620,-1,5359,-0,7512,406,80,-141,52,393,08,-135,98
18,640,-1,5333,-0,7538,406,80,-141,52,393,45,-136,14
18,660,-1,5319,-0,7590,406,80,-141,52,393,82,-136,30
18,680,-1,5315,-0,7634,406,80,-141,52,394,18,-136,46
18,700,-1,5321,-0,7693,406,80,-141,52,394,55,-136,62
18,720,-1,5338,-0,7756,406,80,-141,52,394,92,-136,78
18,740,-1,5368,-0,7834,406,80,-141,52,395,28,-136,93
18,760,-1,5410,-0,7915,406,80,-141,52,395,65,-137,09
18,780,-1,5468,-0,8024,406,80,-141,52,396,02,-137,25
18,800,-1,5541,-0,8133,406,80,-141,52,396,39,-137,41
18,820,-1,5627,-0,8244,406,80,-141,52,396,76,-137,56
18,840,-1,5733,-0,8400,406,80,-141,52,397,12,-137,72
18,860,-1,5859,-0,8559,406,80,-141,52,397,49,-137,88
18,880,-0,9544,-5,2491,420,80,-147,28,397,86,-138,03
18,900,-0,6552,1,1684,420,80,-147,28,398,23,-138,19
18,920,-0,7362,-0,7734,420,80,-147,28,398,60,-138,34
18,940,-0,7026,-0,1830,420,80,-147,28,398,97,-138,50
18,960,-0,7037,-0,3577,420,80,-147,28,399,34,-138,65
18,980,-0,6947,-0,3021,420,80,-147,28,399,70,-138,80
19,000,-0,6890,-0,3161,420,80,-147,28,400,07,-138,96
19,020,-0,6824,-0,3079,420,80,-147,28,400,44,-139,11
19,040,-0,6768,-0,3107,420,80,-147,28,400,81,-139,26
19,060,-0,6710,-0,3062,420,80,-147,28,401,18,-139,42
19,080,-0,6655,-0,3055,420,80,-147,28,401,55,-139,57
19,100,-0,6600,-0,3024,420,80,-147,28,401,92,-139,72
19,120,-0,6551,-0,3031,420,80,-147,28,402,29,-139,88
19,140,-0,6503,-0,3013,420,80,-147,28,402,66,-140,03
19,160,-0,6458,-0,3004,420,80,-147,28,403,03,-140,18
19,180,-0,6416,-0,2996,420,80,-147,28,403,40,-140,33
19,200,-0,6376,-0,2989,420,80,-147,28,403,77,-140,49
19,220,-0,6336,-0,2966,420,80,-147,28,404,14,-140,64
19,240,-0,6305,-0,3001,420,80,-147,28,404,51,-140,79
19,260,-0,6272,-0,2970,420,80,-147,28,404,88,-140,94
19,280,-0,6244,-0,2982,420,80,-147,28,405,25,-141,10
19,300,-0,6216,-0,2965,420,80,-147,28,405,62,-141,25
19,320,-0,6197,-0,3007,420,80,-147,28,405,99,-141,40
19,340,-0,6177,-0,2984,420,80,-147,28,406,36,-141,55
19,360,-0,6160,-0,2999,420,80,-147,28,406,73,-141,70
19,380,-0,6148,-0,3011,420,80,-147,28,407,10,-141,85
19,400,-0,6138,-0,3022,420,80,-147,28,407,47,-142,01
19,420,-0,6134,-0,3043,420,80,-147,28,407,84,-142,16
19,440,-0,6136,-0,3080,420,80,-147,28,408,21,-142,31
19,460,-0,6138,-0,3080,420,80,-147,28,408,58,-142,46
19,480,-0,6146,-0,3112,420,80,-147,28,408,95,-142,61
19,500,-0,6159,-0,3143,420,80,-147,28,409,32,-142,76
19,520,-0,6177,-0,3179,420,80,-147,28,409,69,-142,91
19,540,-0,6200,-0,3218,420,80,-147,28,410,06,-143,06
19,560,-0,6226,-0,3242,420,80,-147,28,410,44,-143,21
19,580,-0,6263,-0,3318,420,80,-147,28,410,81,-143,36
19,600,-0,6301,-0,3341,420,80,-147,28,411,18,-143,51
19,620,-0,6355,-0,3447,420,80,-147,28,411,55,-143,66
19,640,0,3256,1,7906,435,20,-153,36,411,92,-143,81
19,660,0,2234,-0,3991,435,20,-153,36,412,29,-143,96
19,680,0,2512,0,2648,435,20,-153,36,412,66,-144,11
19,700,0,2395,0,0613,435,20,-153,36,413,03,-144,26
19,720,0,2401,0,1230,435,20,-153,36,413,40,-144,41
19,740,0,2371,0,1035,435,20,-153,36,413,77,-144,56
19,760,0,2351,0,1074,435,20,-153,36,414,14,-144,71
19,780,0,2329,0,1052,435,20,-153,36,414,51,-144,86
19,800,0,2308,0,1049,435,20,-153,36,414,88,-145,01
19,820,0,2288,0,1044,435,20,-153,36,415,26,-145,16
19,840,0,2265,0,1022,435,20,-153,36,415,63,-145,31
19,860,0,2248,0,1035,435,20,-153,36,416,00,-145,47
19,880,0,2230,0,1025,435,20,-153,36,416,37,-145,62
19,900,0,2213,0,1022,435,20,-153,36,416,74,-145,77
19,920,0,2197,0,1019,435,20,-153,36,417,11,-145,92
19,940,0,2182,0,1015,435,20,-153,36,417,48,-146,07
19,960,0,2167,0,1010,435,20,-153,36,417,85,-146,22
19,980,0,2154,0,1011,435,20,-153,36,418,22,-146,37
20,000,0,2141,0,1007,435,20,-153,36,418,59,-146,52
20,020,0,2130,0,1008,435,20,-153,36,418,96,-146,67
20,040,0,2119,0,1005,435,20,-153,36,419,33,-146,82
20,060,0,2107,0,0992,435,20,-153,36,419,70,-146,97
20,080,0,2095,0,0992,435,20,-153,36,420,07,-147,12
20,100,0,2088,0,1007,435,20,-153,36,420,44,-147,28
20,120,0,2084,0,1022,435,20,-153,36,420,81,-147,43
20,140,0,2077,0,1005,435,20,-153,36,421,18,-147,58
20,160,0,2073,0,1017,435,20,-153,36,421,55,-147,73
20,180,0,2070,0,1017,435,20,-153,36,421,92,-147,88
20,200,0,2068,0,1027,435,20,-153,36,422,29,-148,03
20,220,0,2067,0,1030,435,20,-153,36,422,66,-148,18
20,240,0,2068,0,1038,435,20,-153,36,423,03,-148,33
20,260,0,2071,0,1048,435,20,-153,36,423,40,-148,49
20,280,0,2075,0,1058,435,20,-153,36,423,77,-148,64
20,300,0,2081,0,1071,435,20,-153,36,424,14,-148,79
20,320,0,2089,0,1084,435,20,-153,36,424,51,-148,94
20,340,0,2103,0,1124,435,20,-153,36,424,88,-149,09
20,360,0,2113,0,1107,435,20,-153,36,425,26,-149,24
20,380,0,2129,0,1143,435,20,-153,36,425,63,-149,39
20,400,0,2146,0,1157,435,20,-153,36,426,00,-149,55
20,420,1,2543,6,8984,450,00,-160,00,426,37,-149,70
20,440,0,8599,-1,5418,450,00,-160,00,426,74,-149,85
20,460,0,9662,1,0145,450,00,-160,00,427,10,-150,00
20,480,0,9210,0,2348,450,00,-160,00,427,47,-150,16
20,500,0,9224,0,4681,450,00,-160,00,427,84,-150,31
20,520,0,9098,0,3919,450,00,-160,00,428,21,-150,47
20,540,0,9019,0,4113,450,00,-160,00,428,58,-150,62
20,560,0,8932,0,4031,450,00,-160,00,428,95,-150,78
20,580,0,8848,0,4005,450,00,-160,00,429,32,-150,93
20,600,0,8767,0,3981,450,00,-160,00,429,69,-151,09
20,620,0,8689,0,3955,450,00,-160,00,430,06,-151,24
20,640,0,8612,0,3920,450,00,-160,00,430,42,-151,40
20,660,0,8541,0,3916,450,00,-160,00,430,79,-151,55
20,680,0,8472,0,3892,450,00,-160,00,431,16,-151,71
20,700,0,8403,0,3856,450,00,-160,00,431,53,-151,86
20,720,0,8342,0,3863,450,00,-160,00,431,90,-152,02
20,740,0,8282,0,3842,450,00,-160,00,432,27,-152,17
20,760,0,8226,0,3834,450,00,-160,00,432,63,-152,33
20,780,0,8173,0,3823,450,00,-160,00,433,00,-152,49
20,800,0,8121,0,3797,450,00,-160,00,433,37,-152,64
20,820,0,8076,0,3814,450,00,-160,00,433,74,-152,80
20,840,0,8033,0,3802,450,00,-160,00,434,11,-152,96
20,860,0,7990,0,3779,450,00,-160,00,434,47,-153,11
20,880,0,7956,0,3808,450,00,-160,00,434,84,-153,27
20,900,0,7924,0,3801,450,00,-160,00,435,21,-153,43
20,920,0,7897,0,3812,450,00,-160,00,435,58,-153,59
20,940,0,7873,0,3818,450,00,-160,00,435,95,-153,74
20,960,0,7854,0,3832,450,00,-160,00,436,31,-153,90
20,980,0,7839,0,3847,450,00,-160,00,436,68,-154,06
21,000,0,7829,0,3865,450,00,-160,00,437,05,-154,22
21,020,0,7829,0,3910,450,00,-160,00,437,42,-154,37
21,040,0,7828,0,3912,450,00,-160,00,437,78,-154,53
21,060,0,7835,0,3951,450,00,-160,00,438,15,-154,69
21,080,0,7852,0,4010,450,00,-160,00,438,52,-154,85
21,100,0,7869,0,4021,450,00,-160,00,438,89,-155,01
21,120,0,7895,0,4075,450,00,-160,00,439,25,-155,17
21,140,0,7928,0,4128,450,00,-160,00,439,62,-155,33
21,160,0,7963,0,4158,450,00,-160,00,439,99,-155,49
21,180,0,8015,0,4266,450,00,-160,00,440,35,-155,64
21,200,0,8074,0,4331,450,00,-160,00,440,72,-155,80
21,220,0,8144,0,4423,450,00,-160,00,441,09,-155,96
21,240,2,8429,15,6362,465,36,-168,00,441,45,-156,12
21,260,1,9480,-3,5008,465,36,-168,00,441,82,-156,28
21,280,2,1881,2,2948,465,36,-168,00,442,18,-156,45
21,300,2,0848,0,5255,465,36,-168,00,442,55,-156,61
21,320,2,0865,1,0517,465,36,-168,00,442,91,-156,78
21,340,2,0571,0,8820,465,36,-168,00,443,28,-156,95
21,360,2,0381,0,9239,465,36,-168,00,443,64,-157,11
21,380,2,0168,0,9020,465,36,-168,00,444,00,-157,28
21,400,1,9970,0,8994,465,36,-168,00,444,37,-157,44
21,420,1,9776,0,8918,465,36,-168,00,444,73,-157,61
21,440,1,9592,0,8879,465,36,-168,00,445,09,-157,78
21,460,1,9411,0,8798,465,36,-168,00,445,46,-157,95
21,480,1,9235,0,8736,465,36,-168,00,445,82,-158,12
21,500,1,9068,0,8702,465,36,-168,00,446,18,-158,28
21,520,1,8908,0,8652,465,36,-168,00,446,55,-158,45
21,540,1,8754,0,8609,465,36,-168,00,446,91,-158,62
21,560,1,8607,0,8568,465,36,-168,00,447,27,-158,79
21,580,1,8471,0,8552,465,36,-168,00,447,63,-158,96
21,600,1,8333,0,8480,465,36,-168,00,448,00,-159,13
21,620,1,8208,0,8479,465,36,-168,00,448,36,-159,30
21,640,1,8089,0,8448,465,36,-168,00,448,72,-159,47
21,660,1,7978,0,8431,465,36,-168,00,449,08,-159,64
21,680,1,7873,0,8415,465,36,-168,00,449,44,-159,81
21,700,1,7777,0,8405,465,36,-168,00,449,80,-159,99
21,720,1,7688,0,8403,465,36,-168,00,450,16,-160,16
21,740,1,7608,0,8402,465,36,-168,00,450,53,-160,33
21,760,1,7540,0,8430,465,36,-168,00,450,89,-160,50
21,780,1,7475,0,8415,465,36,-168,00,451,25,-160,68
21,800,1,7425,0,8463,465,36,-168,00,451,61,-160,85
21,820,1,7379,0,8458,465,36,-168,00,451,97,-161,02
21,840,1,7345,0,8501,465,36,-168,00,452,33,-161,20
21,860,1,7320,0,8537,465,36,-168,00,452,69,-161,37
21,880,1,7307,0,8586,465,36,-168,00,453,05,-161,55
21,900,1,7305,0,8642,465,36,-168,00,453,41,-161,72
21,920,1,7309,0,8676,465,36,-168,00,453,77,-161,90
21,940,1,7333,0,8788,465,36,-168,00,454,13,-162,07
21,960,1,7370,0,8867,465,36,-168,00,454,49,-162,25
21,980,1,7422,0,8971,465,36,-168,00,454,84,-162,42
22,000,1,7489,0,9080,465,36,-168,00,455,20,-162,60
22,020,1,7574,0,9214,465,36,-168,00,455,56,-162,78
22,040,1,7678,0,9358,465,36,-168,00,455,92,-162,95
22,060,1,7803,0,9526,465,36,-168,00,456,28,-163,13
22,080,1,7950,0,9712,465,36,-168,00,456,64,-163,31
22,100,2,9218,16,0697,481,28,-177,20,457,00,-163,49
22,120,2,0001,-3,6083,481,28,-177,20,457,35,-163,67
22,140,2,2461,2,3531,481,28,-177,20,457,71,-163,85
22,160,2,1386,0,5317,481,28,-177,20,458,06,-164,04
22,180,2,1392,1,0728,481,28,-177,20,458,42,-164,22
22,200,2,1079,0,8974,481,28,-177,20,458,77,-164,40
22,220,2,0871,0,9397,481,28,-177,20,459,13,-164,59
22,240,2,0640,0,9164,481,28,-177,20,459,48,-164,77
22,260,2,0425,0,9135,481,28,-177,20,459,84,-164,96
22,280,2,0213,0,9046,481,28,-177,20,460,19,-165,15
22,300,2,0005,0,8967,481,28,-177,20,460,55,-165,33
22,320,1,9806,0,8905,481,28,-177,20,460,90,-165,52
22,340,1,9612,0,8838,481,28,-177,20,461,25,-165,70
22,360,1,9428,0,8791,481,28,-177,20,461,61,-165,89
22,380,1,9249,0,8730,481,28,-177,20,461,96,-166,08
22,400,1,9077,0,8677,481,28,-177,20,462,31,-166,27
22,420,1,8911,0,8627,481,28,-177,20,462,67,-166,46
22,440,1,8749,0,8564,481,28,-177,20,463,02,-166,64
22,460,1,8597,0,8541,481,28,-177,20,463,37,-166,83
22,480,1,8451,0,8497,481,28,-177,20,463,72,-167,02
22,500,1,8312,0,8461,481,28,-177,20,464,08,-167,21
22,520,1,8180,0,8430,481,28,-177,20,464,43,-167,40
22,540,1,8052,0,8384,481,28,-177,20,464,78,-167,59
22,560,1,7935,0,8382,481,28,-177,20,465,13,-167,78
22,580,1,7824,0,8358,481,28,-177,20,465,48,-167,97
22,600,1,7721,0,8347,481,28,-177,20,465,84,-168,16
22,620,1,7630,0,8357,481,28,-177,20,466,19,-168,35
22,640,1,7541,0,8326,481,28,-177,20,466,54,-168,55
22,660,1,7461,0,8333,481,28,-177,20,466,89,-168,74
22,680,1,7390,0,8338,481,28,-177,20,467,24,-168,93
22,700,1,7332,0,8374,481,28,-177,20,467,59,-169,12
22,720,1,7277,0,8364,481,28,-177,20,467,94,-169,31
22,740,1,7233,0,8396,481,28,-177,20,468,29,-169,51
22,760,1,7198,0,8423,481,28,-177,20,468,64,-169,70
22,780,1,7179,0,8495,481,28,-177,20,468,99,-169,89
22,800,1,7168,0,8531,481,28,-177,20,469,34,-170,09
22,820,1,7165,0,8567,481,28,-177,20,469,69,-170,28
22,840,1,7176,0,8640,481,28,-177,20,470,04,-170,48
22,860,1,7198,0,8711,481,28,-177,20,470,39,-170,67
22,880,1,7234,0,8798,481,28,-177,20,470,74,-170,87
22,900,1,7286,0,8900,481,28,-177,20,471,09,-171,06
22,920,1,7351,0,9004,481,28,-177,20,471,44,-171,26
22,940,1,7437,0,9145,481,28,-177,20,471,79,-171,46
22,960,1,7535,0,9261,481,28,-177,20,472,13,-171,65
22,980,1,7660,0,9456,481,28,-177,20,472,48,-171,85
23,000,1,7807,0,9635,481,28,-177,20,472,83,-172,05
23,020,0,5234,2,8789,497,52,-186,40,473,18,-172,24
23,040,0,3585,-0,6454,497,52,-186,40,473,53,-172,44
23,060,0,4025,0,4211,497,52,-186,40,473,87,-172,64
23,080,0,3832,0,0952,497,52,-186,40,474,22,-172,84
23,100,0,3832,0,1919,497,52,-186,40,474,57,-173,04
23,120,0,3773,0,1588,497,52,-186,40,474,91,-173,24
23,140,0,3736,0,1685,497,52,-186,40,475,26,-173,44
23,160,0,3694,0,1635,497,52,-186,40,475,61,-173,64
23,180,0,3658,0,1649,497,52,-186,40,475,95,-173,83
23,200,0,3618,0,1612,497,52,-186,40,476,30,-174,03
23,220,0,3582,0,1607,497,52,-186,40,476,65,-174,23
23,240,0,3546,0,1594,497,52,-186,40,477,00,-174,43
23,260,0,3511,0,1581,497,52,-186,40,477,34,-174,63
23,280,0,3477,0,1569,497,52,-186,40,477,69,-174,83
23,300,0,3444,0,1559,497,52,-186,40,478,04,-175,03
23,320,0,3413,0,1548,497,52,-186,40,478,38,-175,23
23,340,0,3382,0,1541,497,52,-186,40,478,73,-175,43
23,360,0,3353,0,1531,497,52,-186,40,479,08,-175,63
23,380,0,3325,0,1522,497,52,-186,40,479,42,-175,83
23,400,0,3299,0,1517,497,52,-186,40,479,77,-176,03
23,420,0,3270,0,1489,497,52,-186,40,480,11,-176,23
23,440,0,3250,0,1526,497,52,-186,40,480,46,-176,43
23,460,0,3225,0,1491,497,52,-186,40,480,81,-176,63
23,480,0,3204,0,1495,497,52,-186,40,481,15,-176,83
23,500,0,3184,0,1489,497,52,-186,40,481,50,-177,03
23,520,0,3164,0,1486,497,52,-186,40,481,85,-177,23
23,540,0,3147,0,1485,497,52,-186,40,482,19,-177,43
23,560,0,3130,0,1482,497,52,-186,40,482,54,-177,63
23,580,0,3115,0,1483,497,52,-186,40,482,89,-177,83
23,600,0,3106,0,1506,497,52,-186,40,483,23,-178,03
23,620,0,3093,0,1481,497,52,-186,40,483,58,-178,23
23,640,0,3083,0,1490,497,52,-186,40,483,92,-178,43
23,660,0,3073,0,1491,497,52,-186,40,484,27,-178,63
23,680,0,3066,0,1498,497,52,-186,40,484,62,-178,83
23,700,0,3055,0,1470,497,52,-186,40,484,96,-179,03
23,720,0,3058,0,1546,497,52,-186,40,485,31,-179,23
23,740,0,3055,0,1509,497,52,-186,40,485,66,-179,43
23,760,0,3061,0,1564,497,52,-186,40,486,00,-179,63
23,780,0,3062,0,1532,497,52,-186,40,486,35,-179,83
23,800,0,3061,0,1528,497,52,-186,40,486,69,-180,03
23,820,0,3070,0,1579,497,52,-186,40,487,04,-180,24
23,840,0,3073,0,1554,497,52,-186,40,487,38,-180,44
23,860,0,3092,0,1642,497,52,-186,40,487,73,-180,64
23,880,0,3107,0,1626,497,52,-186,40,488,08,-180,84
23,900,0,3127,0,1665,497,52,-186,40,488,42,-181,04
23,920,0,3151,0,1693,497,52,-186,40,488,77,-181,24
23,940,0,3179,0,1728,497,52,-186,40,489,11,-181,44
23,960,-2,6047,-14,3260,513,84,-194,40,489,46,-181,64
23,980,-1,7838,3,2126,513,84,-194,40,489,80,-181,84
24,000,-2,0033,-2,0990,513,84,-194,40,490,15,-182,04
24,020,-1,9081,-0,4778,513,84,-194,40,490,50,-182,24
24,040,-1,9091,-0,9597,513,84,-194,40,490,85,-182,43
24,060,-1,8814,-0,8024,513,84,-194,40,491,20,-182,63
24,080,-1,8632,-0,8407,513,84,-194,40,491,55,-182,83
24,100,-1,8429,-0,8200,513,84,-194,40,491,90,-183,02
24,120,-1,8240,-0,8176,513,84,-194,40,492,24,-183,22
24,140,-1,8052,-0,8081,513,84,-194,40,492,59,-183,41
24,160,-1,7874,-0,8048,513,84,-194,40,492,94,-183,61
24,180,-1,7700,-0,7981,513,84,-194,40,493,29,-183,80
24,200,-1,7533,-0,7930,513,84,-194,40,493,64,-184,00
24,220,-1,7374,-0,7895,513,84,-194,40,493,99,-184,19
24,240,-1,7217,-0,7825,513,84,-194,40,494,34,-184,38
24,260,-1,7068,-0,7787,513,84,-194,40,494,69,-184,58
24,280,-1,6924,-0,7742,513,84,-194,40,495,04,-184,77
24,300,-1,6783,-0,7687,513,84,-194,40,495,39,-184,96
24,320,-1,6652,-0,7672,513,84,-194,40,495,74,-185,16
24,340,-1,6526,-0,7634,513,84,-194,40,496,09,-185,35
24,360,-1,6410,-0,7622,513,84,-194,40,496,45,-185,54
24,380,-1,6293,-0,7564,513,84,-194,40,496,80,-185,73
24,400,-1,6188,-0,7567,513,84,-194,40,497,15,-185,92
24,420,-1,6088,-0,7543,513,84,-194,40,497,50,-186,11
24,440,-1,5997,-0,7543,513,84,-194,40,497,85,-186,31
24,460,-1,5906,-0,7498,513,84,-194,40,498,20,-186,50
24,480,-1,5827,-0,7522,513,84,-194,40,498,55,-186,69
24,500,-1,5755,-0,7515,513,84,-194,40,498,91,-186,88
24,520,-1,5690,-0,7522,513,84,-194,40,499,26,-187,07
24,540,-1,5633,-0,7529,513,84,-194,40,499,61,-187,26
24,560,-1,5584,-0,7546,513,84,-194,40,499,96,-187,44
24,580,-1,5543,-0,7567,513,84,-194,40,500,32,-187,63
24,600,-1,5511,-0,7596,513,84,-194,40,500,67,-187,82
24,620,-1,5488,-0,7631,513,84,-194,40,501,02,-188,01
24,640,-1,5476,-0,7674,513,84,-194,40,501,37,-188,20
24,660,-1,5473,-0,7725,513,84,-194,40,501,73,-188,39
24,680,-1,5477,-0,7756,513,84,-194,40,502,08,-188,57
24,700,-1,5498,-0,7855,513,84,-194,40,502,43,-188,76
24,720,-1,5529,-0,7922,513,84,-194,40,502,79,-188,95
24,740,-1,5575,-0,8016,513,84,-194,40,503,14,-189,13
24,760,-1,5635,-0,8115,513,84,-194,40,503,50,-189,32
24,780,-1,5711,-0,8235,513,84,-194,40,503,85,-189,51
24,800,-1,5802,-0,8359,513,84,-194,40,504,20,-189,69
24,820,-1,5913,-0,8509,513,84,-194,40,504,56,-189,88
24,840,-1,6044,-0,8678,513,84,-194,40,504,91,-190,06
24,860,-5,9440,-32,6918,530,00,-200,00,505,27,-190,25
24,880,-4,0731,7,3178,530,00,-200,00,505,62,-190,43
24,900,-4,5753,-4,7984,530,00,-200,00,505,98,-190,60
24,920,-4,3593,-1,1001,530,00,-200,00,506,34,-190,78
24,940,-4,3630,-2,2001,530,00,-200,00,506,70,-190,95
24,960,-4,3019,-1,8455,530,00,-200,00,507,06,-191,13
24,980,-4,2623,-1,9328,530,00,-200,00,507,43,-191,30
25,000,-4,2179,-1,8869,530,00,-200,00,507,79,-191,47
25,020,-4,1767,-1,8824,530,00,-200,00,508,15,-191,64
25,040,-4,1366,-1,8679,530,00,-200,00,508,51,-191,81
25,060,-4,0975,-1,8531,530,00,-200,00,508,87,-191,98
25,080,-4,0601,-1,8429,530,00,-200,00,509,24,-192,15
25,100,-4,0239,-1,8314,530,00,-200,00,509,60,-192,31
25,120,-3,9892,-1,8209,530,00,-200,00,509,96,-192,48
25,140,-3,9559,-1,8113,530,00,-200,00,510,33,-192,65
25,160,-3,9239,-1,8023,530,00,-200,00,510,69,-192,81
25,180,-3,8934,-1,7943,530,00,-200,00,511,06,-192,98
25,200,-3,8644,-1,7869,530,00,-200,00,511,42,-193,14
25,220,-3,8368,-1,7804,530,00,-200,00,511,79,-193,31
25,240,-3,8107,-1,7747,530,00,-200,00,512,15,-193,47
25,260,-3,7855,-1,7671,530,00,-200,00,512,52,-193,63
25,280,-3,7626,-1,7667,530,00,-200,00,512,88,-193,79
25,300,-3,7416,-1,7657,530,00,-200,00,513,25,-193,95
25,320,-3,7216,-1,7605,530,00,-200,00,513,62,-194,11
25,340,-3,7039,-1,7636,530,00,-200,00,513,98,-194,27
25,360,-3,6868,-1,7580,530,00,-200,00,514,35,-194,43
25,380,-3,6722,-1,7632,530,00,-200,00,514,72,-194,59
25,400,-3,6592,-1,7648,530,00,-200,00,515,08,-194,75
25,420,-3,6482,-1,7691,530,00,-200,00,515,45,-194,90
25,440,-3,6393,-1,7747,530,00,-200,00,515,82,-195,06
25,460,-3,6323,-1,7814,530,00,-200,00,516,19,-195,21
25,480,-3,6275,-1,7898,530,00,-200,00,516,56,-195,37
25,500,-3,6257,-1,8036,530,00,-200,00,516,93,-195,52
25,520,-3,6248,-1,8083,530,00,-200,00,517,30,-195,68
25,540,-3,6276,-1,8278,530,00,-200,00,517,67,-195,83
25,560,-3,6328,-1,8425,530,00,-200,00,518,04,-195,98
25,580,-3,6411,-1,8618,530,00,-200,00,518,41,-196,13
25,600,-3,6525,-1,8835,530,00,-200,00,518,78,-196,28
25,620,-3,6674,-1,9080,530,00,-200,00,519,15,-196,43
25,640,-3,6859,-1,9356,530,00,-200,00,519,52,-196,58
25,660,-3,7084,-1,9668,530,00,-200,00,519,89,-196,73
25,680,-3,7354,-2,0025,530,00,-200,00,520,26,-196,88
25,700,-3,7671,-2,0423,530,00,-200,00,520,64,-197,02
25,720,-9,0300,-49,6651,545,84,-202,56,521,01,-197,17
25,740,-6,1939,11,0837,545,84,-202,56,521,38,-197,31
25,760,-6,9594,-7,3070,545,84,-202,56,521,76,-197,44
25,780,-6,6354,-1,6977,545,84,-202,56,522,14,-197,57
25,800,-6,6447,-3,3690,545,84,-202,56,522,52,-197,70
25,820,-6,5557,-2,8330,545,84,-202,56,522,90,-197,82
25,840,-6,4996,-2,9690,545,84,-202,56,523,28,-197,95
25,860,-6,4361,-2,9005,545,84,-202,56,523,66,-198,07
25,880,-6,3776,-2,8967,545,84,-202,56,524,04,-198,20
25,900,-6,3204,-2,8741,545,84,-202,56,524,42,-198,32
25,920,-6,2659,-2,8605,545,84,-202,56,524,80,-198,44
25,940,-6,2132,-2,8428,545,84,-202,56,525,18,-198,56
25,960,-6,1627,-2,8292,545,84,-202,56,525,56,-198,67
25,980,-6,1145,-2,8161,545,84,-202,56,525,95,-198,79
26,000,-6,0682,-2,8027,545,84,-202,56,526,33,-198,91
26,020,-6,0246,-2,7943,545,84,-202,56,526,71,-199,02
26,040,-5,9832,-2,7846,545,84,-202,56,527,10,-199,14
26,060,-5,9442,-2,7769,545,84,-202,56,527,48,-199,25
26,080,-5,9076,-2,7708,545,84,-202,56,527,86,-199,36
26,100,-5,8737,-2,7674,545,84,-202,56,528,25,-199,47
26,120,-5,8419,-2,7621,545,84,-202,56,528,63,-199,58
26,140,-5,8126,-2,7598,545,84,-202,56,529,02,-199,69
26,160,-5,7863,-2,7615,545,84,-202,56,529,40,-199,79
26,180,-5,7624,-2,7618,545,84,-202,56,529,79,-199,90
26,200,-5,7417,-2,7673,545,84,-202,56,530,18,-200,00
26,220,-5,7236,-2,7712,545,84,-202,56,530,56,-200,11
26,240,-5,7089,-2,7812,545,84,-202,56,530,95,-200,21
26,260,-5,6974,-2,7911,545,84,-202,56,531,34,-200,31
26,280,-5,6890,-2,8024,545,84,-202,56,531,73,-200,41
26,300,-5,6846,-2,8201,545,84,-202,56,532,11,-200,51
26,320,-5,6834,-2,8361,545,84,-202,56,532,50,-200,61
26,340,-5,6867,-2,8599,545,84,-202,56,532,89,-200,71
26,360,-5,6942,-2,8844,545,84,-202,56,533,28,-200,80
26,380,-5,7062,-2,9131,545,84,-202,56,533,67,-200,90
26,400,-5,7230,-2,9458,545,84,-202,56,534,06,-200,99
26,420,-5,7453,-2,9836,545,84,-202,56,534,44,-201,08
26,440,-5,7731,-3,0256,545,84,-202,56,534,83,-201,17
26,460,-5,8071,-3,0735,545,84,-202,56,535,22,-201,26
26,480,-5,8482,-3,1296,545,84,-202,56,535,61,-201,35
26,500,-5,8963,-3,1888,545,84,-202,56,536,00,-201,44
26,520,-9,1231,-50,1770,561,52,-202,88,536,39,-201,52
26,540,-6,2592,11,1899,561,52,-202,88,536,79,-201,61
26,560,-7,0331,-7,3862,561,52,-202,88,537,18,-201,67
26,580,-6,7070,-1,7230,561,52,-202,88,537,57,-201,74
26,600,-6,7172,-3,4093,561,52,-202,88,537,97,-201,81
26,620,-6,6282,-2,8695,561,52,-202,88,538,36,-201,87
26,640,-6,5722,-3,0058,561,52,-202,88,538,76,-201,93
26,660,-6,5090,-2,9386,561,52,-202,88,539,15,-202,00
26,680,-6,4509,-2,9347,561,52,-202,88,539,55,-202,06
26,700,-6,3941,-2,9130,561,52,-202,88,539,94,-202,12
26,720,-6,3397,-2,8981,561,52,-202,88,540,34,-202,18
26,740,-6,2875,-2,8828,561,52,-202,88,540,74,-202,23
26,760,-6,2376,-2,8692,561,52,-202,88,541,13,-202,29
26,780,-6,1900,-2,8568,561,52,-202,88,541,53,-202,34
26,800,-6,1446,-2,8456,561,52,-202,88,541,92,-202,40
26,820,-6,1016,-2,8358,561,52,-202,88,542,32,-202,45
26,840,-6,0610,-2,8275,561,52,-202,88,542,72,-202,50
26,860,-6,0229,-2,8207,561,52,-202,88,543,11,-202,55
26,880,-5,9872,-2,8150,561,52,-202,88,543,51,-202,60
26,900,-5,9540,-2,8112,561,52,-202,88,543,91,-202,65
26,920,-5,9234,-2,8088,561,52,-202,88,544,31,-202,70
26,940,-5,8955,-2,8083,561,52,-202,88,544,70,-202,74
26,960,-5,8704,-2,8096,561,52,-202,88,545,10,-202,79
26,980,-5,8481,-2,8127,561,52,-202,88,545,50,-202,83
27,000,-5,8288,-2,8178,561,52,-202,88,545,90,-202,87
27,020,-5,8126,-2,8254,561,52,-202,88,546,29,-202,91
27,040,-5,7996,-2,8350,561,52,-202,88,546,69,-202,95
27,060,-5,7900,-2,8469,561,52,-202,88,547,09,-202,99
27,080,-5,7840,-2,8618,561,52,-202,88,547,49,-203,03
27,100,-5,7817,-2,8792,561,52,-202,88,547,89,-203,06
27,120,-5,7834,-2,9003,561,52,-202,88,548,29,-203,10
27,140,-5,7892,-2,9237,561,52,-202,88,548,68,-203,13
27,160,-5,7996,-2,9519,561,52,-202,88,549,08,-203,17
27,180,-5,8148,-2,9834,561,52,-202,88,549,48,-203,20
27,200,-5,8353,-3,0200,561,52,-202,88,549,88,-203,23
27,220,-5,8613,-3,0608,561,52,-202,88,550,28,-203,26
27,240,-5,8934,-3,1070,561,52,-202,88,550,68,-203,28
27,260,-5,9321,-3,1599,561,52,-202,88,551,08,-203,31
27,280,-5,9782,-3,2193,561,52,-202,88,551,48,-203,33
27,300,-6,0322,-3,2862,561,52,-202,88,551,88,-203,36
27,320,-6,3411,-34,8762,577,28,-201,92,552,28,-203,38
27,340,-4,3513,7,7734,577,28,-201,92,552,68,-203,40
27,360,-4,8894,-5,1353,577,28,-201,92,553,08,-203,41
27,380,-4,6632,-1,2004,577,28,-201,92,553,48,-203,42
27,400,-4,6706,-2,3723,577,28,-201,92,553,88,-203,42
27,420,-4,6093,-1,9979,577,28,-201,92,554,28,-203,43
27,440,-4,5707,-2,0927,577,28,-201,92,554,68,-203,44
27,460,-4,5273,-2,0465,577,28,-201,92,555,08,-203,44
27,480,-4,4873,-2,0435,577,28,-201,92,555,48,-203,45
27,500,-4,4482,-2,0288,577,28,-201,92,555,88,-203,45
27,520,-4,4109,-2,0189,577,28,-201,92,556,28,-203,45
27,540,-4,3751,-2,0084,577,28,-201,92,556,68,-203,45
27,560,-4,3409,-1,9995,577,28,-201,92,557,08,-203,45
27,580,-4,3083,-1,9911,577,28,-201,92,557,48,-203,45
27,600,-4,2773,-1,9837,577,28,-201,92,557,88,-203,45
27,620,-4,2479,-1,9771,577,28,-201,92,558,28,-203,45
27,640,-4,2202,-1,9716,577,28,-201,92,558,68,-203,45
27,660,-4,1942,-1,9672,577,28,-201,92,559,08,-203,45
27,680,-4,1701,-1,9642,577,28,-201,92,559,48,-203,44
27,700,-4,1477,-1,9619,577,28,-201,92,559,88,-203,44
27,720,-4,1272,-1,9611,577,28,-201,92,560,28,-203,43
27,740,-4,1084,-1,9606,577,28,-201,92,560,68,-203,42
27,760,-4,0916,-1,9619,577,28,-201,92,561,08,-203,42
27,780,-4,0769,-1,9646,577,28,-201,92,561,48,-203,41
27,800,-4,0643,-1,9693,577,28,-201,92,561,88,-203,40
27,820,-4,0539,-1,9750,577,28,-201,92,562,28,-203,39
27,840,-4,0458,-1,9824,577,28,-201,92,562,68,-203,38
27,860,-4,0401,-1,9917,577,28,-201,92,563,08,-203,37
27,880,-4,0368,-2,0016,577,28,-201,92,563,48,-203,36
27,900,-4,0364,-2,0162,577,28,-201,92,563,88,-203,34
27,920,-4,0388,-2,0313,577,28,-201,92,564,27,-203,33
27,940,-4,0441,-2,0490,577,28,-201,92,564,67,-203,31
27,960,-4,0528,-2,0696,577,28,-201,92,565,07,-203,30
27,980,-4,0649,-2,0933,577,28,-201,92,565,47,-203,28
28,000,-4,0810,-2,1205,577,28,-201,92,565,87,-203,26
28,020,-4,1008,-2,1498,577,28,-201,92,566,27,-203,24
28,040,-4,1252,-2,1843,577,28,-201,92,566,67,-203,23
28,060,-4,1543,-2,2229,577,28,-201,92,567,07,-203,21
28,080,-4,1888,-2,2667,577,28,-201,92,567,47,-203,18
28,100,-2,3602,-12,9812,593,36,-200,64,567,87,-203,16
28,120,-1,6189,2,8974,593,36,-200,64,568,27,-203,14
28,140,-1,8189,-1,9096,593,36,-200,64,568,67,-203,11
28,160,-1,7340,-0,4425,593,36,-200,64,569,07,-203,08
28,180,-1,7363,-0,8799,593,36,-200,64,569,47,-203,06
28,200,-1,7129,-0,7396,593,36,-200,64,569,87,-203,03
28,220,-1,6981,-0,7748,593,36,-200,64,570,27,-203,00
28,240,-1,6813,-0,7564,593,36,-200,64,570,66,-202,97
28,260,-1,6659,-0,7560,593,36,-200,64,571,06,-202,94
28,280,-1,6508,-0,7498,593,36,-200,64,571,46,-202,91
28,300,-1,6363,-0,7460,593,36,-200,64,571,86,-202,88
28,320,-1,6224,-0,7416,593,36,-200,64,572,26,-202,85
28,340,-1,6091,-0,7380,593,36,-200,64,572,66,-202,82
28,360,-1,5963,-0,7342,593,36,-200,64,573,06,-202,79
28,380,-1,5842,-0,7313,593,36,-200,64,573,46,-202,76
28,400,-1,5726,-0,7283,593,36,-200,64,573,86,-202,73
28,420,-1,5616,-0,7259,593,36,-200,64,574,25,-202,70
28,440,-1,5512,-0,7238,593,36,-200,64,574,65,-202,66
28,460,-1,5415,-0,7220,593,36,-200,64,575,05,-202,63
28,480,-1,5324,-0,7208,593,36,-200,64,575,45,-202,60
28,500,-1,5239,-0,7196,593,36,-200,64,575,85,-202,57
28,520,-1,5162,-0,7192,593,36,-200,64,576,25,-202,53
28,540,-1,5091,-0,7190,593,36,-200,64,576,65,-202,50
28,560,-1,5027,-0,7195,593,36,-200,64,577,04,-202,47
28,580,-1,4970,-0,7203,593,36,-200,64,577,44,-202,43
28,600,-1,4921,-0,7215,593,36,-200,64,577,84,-202,40
28,620,-1,4883,-0,7249,593,36,-200,64,578,24,-202,36
28,640,-1,4848,-0,7251,593,36,-200,64,578,64,-202,33
28,660,-1,4825,-0,7296,593,36,-200,64,579,04,-202,29
28,680,-1,4810,-0,7331,593,36,-200,64,579,44,-202,26
28,700,-1,4805,-0,7377,593,36,-200,64,579,83,-202,22
28,720,-1,4812,-0,7442,593,36,-200,64,580,23,-202,19
28,740,-1,4826,-0,7481,593,36,-200,64,580,63,-202,15
28,760,-1,4855,-0,7572,593,36,-200,64,581,03,-202,11
28,780,-1,4894,-0,7646,593,36,-200,64,581,43,-202,08
28,800,-1,4949,-0,7745,593,36,-200,64,581,83,-202,04
28,820,-1,5017,-0,7850,593,36,-200,64,582,22,-202,00
28,840,-1,5101,-0,7974,593,36,-200,64,582,62,-201,96
28,860,-1,5202,-0,8107,593,36,-200,64,583,02,-201,92
28,880,-1,5323,-0,8262,593,36,-200,64,583,42,-201,88
28,900,-1,5464,-0,8437,593,36,-200,64,583,82,-201,85
28,920,1,6972,9,3346,610,00,-200,00,584,21,-201,81
28,940,1,1638,-2,0852,610,00,-200,00,584,61,-201,77
